-- MySQL dump 10.13  Distrib 5.7.27, for Linux (x86_64)
--
-- Host: localhost    Database: vessel_tracking
-- ------------------------------------------------------
-- Server version	5.7.27-0ubuntu0.18.04.1

/*!40101 SET @OLD_CHARACTER_SET_CLIENT=@@CHARACTER_SET_CLIENT */;
/*!40101 SET @OLD_CHARACTER_SET_RESULTS=@@CHARACTER_SET_RESULTS */;
/*!40101 SET @OLD_COLLATION_CONNECTION=@@COLLATION_CONNECTION */;
/*!40101 SET NAMES utf8 */;
/*!40103 SET @OLD_TIME_ZONE=@@TIME_ZONE */;
/*!40103 SET TIME_ZONE='+00:00' */;
/*!40014 SET @OLD_UNIQUE_CHECKS=@@UNIQUE_CHECKS, UNIQUE_CHECKS=0 */;
/*!40014 SET @OLD_FOREIGN_KEY_CHECKS=@@FOREIGN_KEY_CHECKS, FOREIGN_KEY_CHECKS=0 */;
/*!40101 SET @OLD_SQL_MODE=@@SQL_MODE, SQL_MODE='NO_AUTO_VALUE_ON_ZERO' */;
/*!40111 SET @OLD_SQL_NOTES=@@SQL_NOTES, SQL_NOTES=0 */;

--
-- Table structure for table `positions`
--

DROP TABLE IF EXISTS `positions`;
/*!40101 SET @saved_cs_client     = @@character_set_client */;
/*!40101 SET character_set_client = utf8 */;
CREATE TABLE `positions` (
  `id_position` int(11) NOT NULL AUTO_INCREMENT,
  `id_vessel` int(11) NOT NULL,
  `lat` decimal(10,7) NOT NULL,
  `lon` decimal(12,8) NOT NULL,
  `heading` int(11) DEFAULT NULL,
  `course` int(11) NOT NULL,
  `speed` int(11) NOT NULL,
  PRIMARY KEY (`id_position`),
  KEY `vessel_key` (`id_vessel`),
  CONSTRAINT `positions_ibfk_1` FOREIGN KEY (`id_vessel`) REFERENCES `vessels` (`id_vessel`)
) ENGINE=InnoDB AUTO_INCREMENT=3757 DEFAULT CHARSET=latin1;
/*!40101 SET character_set_client = @saved_cs_client */;

--
-- Dumping data for table `positions`
--

LOCK TABLES `positions` WRITE;
/*!40000 ALTER TABLE `positions` DISABLE KEYS */;
INSERT INTO `positions` VALUES (1,33,49.8835800,-5.63347300,329,331,107),(2,33,49.8835800,-5.63347300,329,331,107),(3,33,49.8809700,-5.63123300,329,331,108),(4,33,49.8809700,-5.63123300,329,331,108),(5,33,49.8783700,-5.62899800,329,331,108),(6,33,49.8783700,-5.62899800,329,331,108),(7,33,49.8758000,-5.62682300,330,331,108),(8,33,49.8758000,-5.62682300,330,331,108),(9,33,49.8705700,-5.62233500,331,331,108),(10,33,49.8705700,-5.62233500,331,331,108),(11,33,49.8731700,-5.62459300,330,330,107),(12,33,49.8731700,-5.62459300,330,330,107),(13,33,49.8675300,-5.61971200,330,330,107),(14,33,49.8675300,-5.61971200,330,330,107),(15,33,49.8644900,-5.61711500,329,331,108),(16,33,49.8644900,-5.61711500,329,331,108),(17,33,49.8610500,-5.61419500,328,330,107),(18,33,49.8610500,-5.61419500,328,330,107),(19,33,49.8581700,-5.61128500,317,321,107),(20,33,49.8581700,-5.61128500,317,321,107),(21,33,49.8554300,-5.60798000,320,322,106),(22,33,49.8554300,-5.60798000,320,322,106),(23,33,49.8526600,-5.60464100,320,321,107),(24,33,49.8526600,-5.60464100,320,321,107),(25,33,49.8499500,-5.60129700,320,322,107),(26,33,49.8499500,-5.60129700,320,322,107),(27,33,49.8476200,-5.59846500,319,321,107),(28,33,49.8476200,-5.59846500,319,321,107),(29,50,49.4255700,-0.31651670,34,304,16),(30,50,49.4255700,-0.31651670,34,304,16),(31,50,49.4261800,-0.31783000,36,305,16),(32,50,49.4261800,-0.31783000,36,305,16),(33,50,49.4264500,-0.31839670,36,306,16),(34,50,49.4264500,-0.31839670,36,306,16),(35,50,49.4268300,-0.31925170,37,306,16),(36,50,49.4268300,-0.31925170,37,306,16),(37,50,49.4273400,-0.32036170,38,307,15),(38,50,49.4273400,-0.32036170,38,307,15),(39,50,49.4281100,-0.32209500,40,306,15),(40,50,49.4281100,-0.32209500,40,306,15),(41,50,49.4286700,-0.32339000,41,307,15),(42,50,49.4286700,-0.32339000,41,307,15),(43,50,49.4289600,-0.32405670,41,307,16),(44,50,49.4289600,-0.32405670,41,307,16),(45,91,47.7454300,-3.34817000,214,94,0),(46,91,47.7454300,-3.34817000,214,94,0),(47,91,47.7454500,-3.34817800,214,94,0),(48,91,47.7454500,-3.34817800,214,94,0),(49,91,47.7454200,-3.34818500,214,94,0),(50,91,47.7454200,-3.34818500,214,94,0),(51,91,47.7454900,-3.34821700,214,94,0),(52,91,47.7454900,-3.34821700,214,94,0),(53,127,44.8877300,-0.53247170,168,144,0),(54,127,44.8877300,-0.53247170,168,144,0),(55,127,44.8877400,-0.53260830,168,144,0),(56,127,44.8877400,-0.53260830,168,144,0),(57,127,44.8878100,-0.53265500,167,144,0),(58,127,44.8878100,-0.53265500,167,144,0),(59,127,44.8878100,-0.53265830,167,144,0),(60,127,44.8878100,-0.53265830,167,144,0),(61,149,50.9703900,1.86896500,74,337,1),(62,149,50.9703900,1.86896500,74,337,1),(63,149,50.9703800,1.86896700,75,64,0),(64,149,50.9703800,1.86896700,75,64,0),(65,149,50.9703900,1.86896500,74,260,0),(66,149,50.9703900,1.86896500,74,260,0),(67,149,50.9704000,1.86897500,74,10,1),(68,149,50.9704000,1.86897500,74,10,1),(69,149,50.9703900,1.86896800,74,31,0),(70,149,50.9703900,1.86896800,74,31,0),(71,154,50.9702300,1.86839200,248,28,0),(72,154,50.9702300,1.86839200,248,28,0),(73,154,50.9702300,1.86838800,248,219,1),(74,154,50.9702300,1.86838800,248,219,1),(75,154,50.9702400,1.86839800,248,357,1),(76,154,50.9702400,1.86839800,248,357,1),(77,154,50.9702500,1.86840200,248,336,1),(78,154,50.9702500,1.86840200,248,336,1),(79,158,49.4725800,0.18545830,337,291,0),(80,158,49.4725800,0.18545830,337,291,0),(81,158,49.4726000,0.18546500,336,313,0),(82,158,49.4726000,0.18546500,336,313,0),(83,158,49.4726000,0.18548170,337,293,0),(84,158,49.4726000,0.18548170,337,293,0),(85,158,49.4726000,0.18547330,336,325,0),(86,158,49.4726000,0.18547330,336,325,0),(87,158,49.4725800,0.18547170,336,274,0),(88,158,49.4725800,0.18547170,336,274,0),(89,164,41.9250900,8.74031200,0,327,1),(90,164,41.9250900,8.74031200,0,327,1),(91,164,41.9250900,8.74031500,0,325,1),(92,164,41.9250900,8.74031500,0,325,1),(93,164,41.9250800,8.74030300,0,334,0),(94,164,41.9250800,8.74030300,0,334,0),(95,164,41.9251000,8.74029000,0,316,1),(96,164,41.9251000,8.74029000,0,316,1),(97,164,41.9251000,8.74030300,0,322,1),(98,164,41.9251000,8.74030300,0,322,1),(99,177,43.3978500,4.98376700,330,299,0),(100,177,43.3978500,4.98376700,330,299,0),(101,178,49.4753400,0.13240000,279,94,0),(102,178,49.4753400,0.13240000,279,94,0),(103,178,49.4753500,0.13242830,280,263,0),(104,178,49.4753500,0.13242830,280,263,0),(105,178,49.4753500,0.13240500,279,351,0),(106,178,49.4753500,0.13240500,279,351,0),(107,178,49.4753500,0.13240500,279,278,1),(108,178,49.4753500,0.13240500,279,278,1),(109,203,51.0410900,2.36167500,207,295,0),(110,203,51.0410900,2.36167500,207,295,0),(111,203,51.0410700,2.36168300,207,304,0),(112,203,51.0410700,2.36168300,207,304,0),(113,203,51.0410700,2.36168500,207,292,0),(114,203,51.0410700,2.36168500,207,292,0),(115,203,51.0410800,2.36171700,207,292,0),(116,203,51.0410800,2.36171700,207,292,0),(117,209,51.0383200,2.19162700,68,323,0),(118,209,51.0383200,2.19162700,68,323,0),(119,209,51.0383200,2.19163200,68,327,0),(120,209,51.0383200,2.19163200,68,327,0),(121,209,51.0383200,2.19162000,67,266,0),(122,209,51.0383200,2.19162000,67,266,0),(123,209,51.0383100,2.19162000,68,327,0),(124,209,51.0383100,2.19162000,68,327,0),(125,226,44.8880800,-0.53268160,203,50,0),(126,226,44.8880800,-0.53268160,203,50,0),(127,226,44.8881000,-0.53266170,204,50,0),(128,226,44.8881000,-0.53266170,204,50,0),(129,226,44.8880700,-0.53263500,203,50,0),(130,226,44.8880700,-0.53263500,203,50,0),(131,227,49.4591400,0.55088340,101,280,0),(132,227,49.4591400,0.55088340,101,280,0),(133,227,49.4591400,0.55093170,101,280,0),(134,227,49.4591400,0.55093170,101,280,0),(135,227,49.4591500,0.55086500,101,280,0),(136,227,49.4591500,0.55086500,101,280,0),(137,227,49.4591400,0.55088170,101,280,0),(138,227,49.4591400,0.55088170,101,280,0),(139,245,47.7281000,-3.36293800,231,0,0),(140,245,47.7281000,-3.36293800,231,0,0),(141,245,47.7280900,-3.36299300,231,0,0),(142,245,47.7280900,-3.36299300,231,0,0),(143,245,47.7280900,-3.36297500,231,0,0),(144,245,47.7280900,-3.36297500,231,0,0),(145,246,51.6494500,-9.90453300,230,273,0),(146,246,51.6494500,-9.90453300,230,273,0),(147,246,51.6494400,-9.90453300,231,284,0),(148,246,51.6494400,-9.90453300,231,284,0),(149,246,51.6494600,-9.90454000,231,317,0),(150,246,51.6494600,-9.90454000,231,317,0),(151,246,51.6494300,-9.90452300,231,295,0),(152,246,51.6494300,-9.90452300,231,295,0),(153,302,38.9537300,-124.78300000,307,306,109),(154,302,38.9537300,-124.78300000,307,306,109),(155,302,38.9513500,-124.77880000,307,306,106),(156,302,38.9513500,-124.77880000,307,306,106),(157,302,38.9490100,-124.77480000,307,305,108),(158,302,38.9490100,-124.77480000,307,305,108),(159,302,38.9579300,-124.79010000,307,306,106),(160,302,38.9579300,-124.79010000,307,306,106),(161,302,38.9558700,-124.78660000,307,307,106),(162,302,38.9558700,-124.78660000,307,307,106),(163,302,38.9380900,-124.75570000,307,306,104),(164,302,38.9380900,-124.75570000,307,306,104),(165,302,38.9358700,-124.75180000,308,306,101),(166,302,38.9358700,-124.75180000,308,306,101),(167,302,38.9339400,-124.74840000,307,305,102),(168,302,38.9339400,-124.74840000,307,305,102),(169,302,38.9441800,-124.76650000,307,305,109),(170,302,38.9441800,-124.76650000,307,305,109),(171,302,38.9466100,-124.77060000,307,307,108),(172,302,38.9466100,-124.77060000,307,307,108),(173,302,38.9400900,-124.75920000,307,305,106),(174,302,38.9400900,-124.75920000,307,305,106),(175,302,38.9421700,-124.76290000,307,306,108),(176,302,38.9421700,-124.76290000,307,306,108),(177,320,41.7167900,143.19500000,268,267,157),(178,320,41.7167900,143.19500000,268,267,157),(179,320,41.7163800,143.18510000,267,266,156),(180,320,41.7163800,143.18510000,267,266,156),(181,326,5.7030840,2.35728300,93,93,170),(182,326,5.7030840,2.35728300,93,93,170),(183,326,5.7027500,2.36226700,93,93,170),(184,326,5.7027500,2.36226700,93,93,170),(185,326,5.7024660,2.36733300,93,93,170),(186,326,5.7024660,2.36733300,93,93,170),(187,326,5.7021670,2.37250000,93,93,170),(188,326,5.7021670,2.37250000,93,93,170),(189,326,5.7018830,2.37756700,93,93,170),(190,326,5.7018830,2.37756700,93,93,170),(191,326,5.7015500,2.38351700,93,93,170),(192,326,5.7015500,2.38351700,93,93,170),(193,326,5.7036830,2.34643300,93,93,170),(194,326,5.7036830,2.34643300,93,93,170),(195,326,5.7033670,2.35213300,93,93,170),(196,326,5.7033670,2.35213300,93,93,170),(197,326,5.7043170,2.33591700,93,93,170),(198,326,5.7043170,2.33591700,93,93,170),(199,326,5.7040170,2.34115000,93,93,170),(200,326,5.7040170,2.34115000,93,93,170),(201,326,5.7052830,2.31908300,93,92,171),(202,326,5.7052830,2.31908300,93,92,171),(203,326,5.7050000,2.32433300,93,93,171),(204,326,5.7050000,2.32433300,93,93,171),(205,326,5.7046670,2.32996700,93,93,171),(206,326,5.7046670,2.32996700,93,93,171),(207,341,39.0218300,0.66520000,25,27,69),(208,341,39.0218300,0.66520000,25,27,69),(209,387,4.6717850,7.15886000,359,285,0),(210,387,4.6717850,7.15886000,359,285,0),(211,387,4.6717670,7.15883200,359,285,0),(212,387,4.6717670,7.15883200,359,285,0),(213,387,4.6717970,7.15883500,359,285,0),(214,387,4.6717970,7.15883500,359,285,0),(215,387,4.6718150,7.15883500,359,285,0),(216,387,4.6718150,7.15883500,359,285,0),(217,387,4.6717730,7.15882500,359,285,0),(218,387,4.6717730,7.15882500,359,285,0),(219,387,4.6718070,7.15885000,359,285,0),(220,387,4.6718070,7.15885000,359,285,0),(221,387,4.6718080,7.15883800,358,285,0),(222,387,4.6718080,7.15883800,358,285,0),(223,387,4.6718620,7.15884000,359,285,0),(224,387,4.6718620,7.15884000,359,285,0),(225,389,4.5684600,-2.36717300,84,82,83),(226,389,4.5684600,-2.36717300,84,82,83),(227,389,4.5679040,-2.37223000,84,82,84),(228,389,4.5679040,-2.37223000,84,82,84),(229,389,4.5676050,-2.37488800,84,83,84),(230,389,4.5676050,-2.37488800,84,83,84),(231,389,4.5691020,-2.36138700,84,82,84),(232,389,4.5691020,-2.36138700,84,82,84),(233,389,4.5708700,-2.34474700,84,84,84),(234,389,4.5708700,-2.34474700,84,84,84),(235,389,4.5710850,-2.34278200,84,84,84),(236,389,4.5710850,-2.34278200,84,84,84),(237,389,4.5704320,-2.34904700,84,83,84),(238,389,4.5704320,-2.34904700,84,83,84),(239,389,4.5707120,-2.34628800,84,85,84),(240,389,4.5707120,-2.34628800,84,85,84),(241,389,4.5699300,-2.35368200,84,82,84),(242,389,4.5699300,-2.35368200,84,82,84),(243,402,4.0355940,7.50780700,216,274,1),(244,402,4.0355940,7.50780700,216,274,1),(245,402,4.0355170,7.50790600,216,303,2),(246,402,4.0355170,7.50790600,216,303,2),(247,402,4.0354200,7.50803900,217,301,2),(248,402,4.0354200,7.50803900,217,301,2),(249,402,4.0354850,7.50796000,216,306,1),(250,402,4.0354850,7.50796000,216,306,1),(251,413,-3.8113570,10.53890000,344,314,6),(252,413,-3.8113570,10.53890000,344,314,6),(253,413,-3.8113530,10.53887000,345,324,1),(254,413,-3.8113530,10.53887000,345,324,1),(255,413,-3.8113550,10.53884000,344,309,3),(256,413,-3.8113550,10.53884000,344,309,3),(257,413,-3.8113380,10.53888000,345,297,2),(258,413,-3.8113380,10.53888000,345,297,2),(259,413,-3.8113170,10.53885000,344,319,4),(260,413,-3.8113170,10.53885000,344,319,4),(261,413,-3.8113130,10.53893000,345,336,3),(262,413,-3.8113130,10.53893000,345,336,3),(263,413,-3.8113250,10.53887000,344,321,4),(264,413,-3.8113250,10.53887000,344,321,4),(265,414,4.1007750,8.01674500,350,117,1),(266,414,4.1007750,8.01674500,350,117,1),(267,414,4.1007980,8.01676400,350,101,1),(268,414,4.1007980,8.01676400,350,101,1),(269,414,4.1007880,8.01670200,349,122,1),(270,414,4.1007880,8.01670200,349,122,1),(271,414,4.1007620,8.01672400,349,122,1),(272,414,4.1007620,8.01672400,349,122,1),(273,414,4.1008100,8.01682000,349,173,1),(274,414,4.1008100,8.01682000,349,173,1),(275,414,4.1007950,8.01669700,350,175,1),(276,414,4.1007950,8.01669700,350,175,1),(277,414,4.1007900,8.01669100,350,158,2),(278,414,4.1007900,8.01669100,350,158,2),(279,414,4.1008000,8.01679100,350,173,1),(280,414,4.1008000,8.01679100,350,173,1),(281,414,4.1007850,8.01681300,350,173,1),(282,414,4.1007850,8.01681300,350,173,1),(283,414,4.1007530,8.01682000,350,173,1),(284,414,4.1007530,8.01682000,350,173,1),(285,414,4.1008130,8.01685300,349,131,1),(286,414,4.1008130,8.01685300,349,131,1),(287,438,-6.3617250,11.12444000,20,4,13),(288,438,-6.3617250,11.12444000,20,4,13),(289,438,-6.3629830,11.12435000,20,1,12),(290,438,-6.3629830,11.12435000,20,1,12),(291,438,-6.3599030,11.12466000,19,4,13),(292,438,-6.3599030,11.12466000,19,4,13),(293,438,-6.3581780,11.12488000,21,7,15),(294,438,-6.3581780,11.12488000,21,7,15),(295,438,-6.3596350,11.12469000,20,6,13),(296,438,-6.3596350,11.12469000,20,6,13),(297,438,-6.3594180,11.12471000,22,7,15),(298,438,-6.3594180,11.12471000,22,7,15),(299,438,-6.3588780,11.12477000,22,7,14),(300,438,-6.3588780,11.12477000,22,7,14),(301,438,-6.3573500,11.12502000,22,7,14),(302,438,-6.3573500,11.12502000,22,7,14),(303,457,-23.3407500,-43.64237000,242,239,114),(304,457,-23.3407500,-43.64237000,242,239,114),(305,457,-23.3429000,-43.64639000,241,240,114),(306,457,-23.3429000,-43.64639000,241,240,114),(307,457,-23.3372800,-43.63598000,241,240,114),(308,457,-23.3372800,-43.63598000,241,240,114),(309,457,-23.3388800,-43.63892000,241,239,114),(310,457,-23.3388800,-43.63892000,241,239,114),(311,457,-23.3457300,-43.65143000,241,239,114),(312,457,-23.3457300,-43.65143000,241,239,114),(313,457,-23.3467800,-43.65335000,240,239,114),(314,457,-23.3467800,-43.65335000,240,239,114),(315,457,-23.3268200,-43.61643000,241,240,114),(316,457,-23.3268200,-43.61643000,241,240,114),(317,457,-23.3230800,-43.60938000,241,240,113),(318,457,-23.3230800,-43.60938000,241,240,113),(319,457,-23.3246700,-43.61238000,241,239,113),(320,457,-23.3246700,-43.61238000,241,239,113),(321,457,-23.3340700,-43.62988000,242,239,114),(322,457,-23.3340700,-43.62988000,242,239,114),(323,457,-23.3353700,-43.63237000,242,240,115),(324,457,-23.3353700,-43.63237000,242,240,115),(325,457,-23.3321500,-43.62635000,241,239,114),(326,457,-23.3321500,-43.62635000,241,239,114),(327,457,-23.3300000,-43.62242000,241,240,114),(328,457,-23.3300000,-43.62242000,241,240,114),(329,466,15.7173300,-61.52907000,210,210,130),(330,466,15.7173300,-61.52907000,210,210,130),(331,466,15.7209600,-61.52685000,210,209,130),(332,466,15.7209600,-61.52685000,210,209,130),(333,466,15.7137100,-61.53131000,210,210,129),(334,466,15.7137100,-61.53131000,210,210,129),(335,466,15.7063500,-61.53577000,210,210,130),(336,466,15.7063500,-61.53577000,210,210,130),(337,466,15.7100600,-61.53353000,209,208,130),(338,466,15.7100600,-61.53353000,209,208,130),(339,466,15.6981100,-61.54082000,209,208,129),(340,466,15.6981100,-61.54082000,209,208,129),(341,466,15.7022600,-61.53832000,209,211,129),(342,466,15.7022600,-61.53832000,209,211,129),(343,466,15.6898700,-61.54592000,212,212,129),(344,466,15.6898700,-61.54592000,212,212,129),(345,466,15.6934700,-61.54367000,209,210,129),(346,466,15.6934700,-61.54367000,209,210,129),(347,466,15.6835500,-61.55070000,217,219,129),(348,466,15.6835500,-61.55070000,217,219,129),(349,466,15.6869100,-61.54802000,216,215,129),(350,466,15.6869100,-61.54802000,216,215,129),(351,466,15.6797700,-61.55379000,216,218,127),(352,466,15.6797700,-61.55379000,216,218,127),(353,455,-8.7923210,13.25527000,154,109,1),(354,455,-8.7923210,13.25527000,154,109,1),(355,455,-8.7924170,13.25540000,180,136,1),(356,455,-8.7924170,13.25540000,180,136,1),(357,455,-8.7923600,13.25530000,214,328,1),(358,455,-8.7923600,13.25530000,214,328,1),(359,455,-8.7923800,13.25541000,177,124,3),(360,455,-8.7923800,13.25541000,177,124,3),(361,455,-8.7924010,13.25541000,239,282,2),(362,455,-8.7924010,13.25541000,239,282,2),(363,475,25.1633200,-79.48425000,2,5,81),(364,475,25.1633200,-79.48425000,2,5,81),(365,475,25.1610500,-79.48452000,3,5,83),(366,475,25.1610500,-79.48452000,3,5,83),(367,475,25.1721000,-79.48341000,2,5,83),(368,475,25.1721000,-79.48341000,2,5,83),(369,517,27.0498800,-93.70100000,311,308,140),(370,517,27.0498800,-93.70100000,311,308,140),(371,544,34.2438600,-76.06442000,231,230,143),(372,544,34.2438600,-76.06442000,231,230,143),(373,553,32.0811100,-81.04443000,70,70,62),(374,553,32.0811100,-81.04443000,70,70,62),(375,553,32.0817800,-81.04212000,66,66,63),(376,553,32.0817800,-81.04212000,66,66,63),(377,553,32.0803900,-81.04852000,79,82,55),(378,553,32.0803900,-81.04852000,79,82,55),(379,553,32.0806200,-81.04664000,74,77,58),(380,553,32.0806200,-81.04664000,74,77,58),(381,553,32.0803500,-81.05058000,86,92,51),(382,553,32.0803500,-81.05058000,86,92,51),(383,553,32.0806000,-81.05600000,91,92,46),(384,553,32.0806000,-81.05600000,91,92,46),(385,553,32.0805200,-81.05268000,92,92,47),(386,553,32.0805200,-81.05268000,92,92,47),(387,553,32.0824700,-81.04020000,66,65,65),(388,553,32.0824700,-81.04020000,66,65,65),(389,553,32.0835900,-81.03709000,66,66,69),(390,553,32.0835900,-81.03709000,66,66,69),(391,553,32.0846500,-81.03410000,66,65,80),(392,553,32.0846500,-81.03410000,66,65,80),(393,553,32.0855800,-81.03146000,66,65,88),(394,553,32.0855800,-81.03146000,66,65,88),(395,553,32.0865600,-81.02866000,65,67,94),(396,553,32.0865600,-81.02866000,65,67,94),(397,553,32.0879700,-81.02526000,50,54,96),(398,553,32.0879700,-81.02526000,50,54,96),(399,1153,44.7372600,-2.08262700,327,243,7),(400,1153,44.7372600,-2.08262700,327,243,7),(401,1153,44.7370900,-2.08293800,320,258,5),(402,1153,44.7370900,-2.08293800,320,258,5),(403,1153,44.7369300,-2.08339200,323,292,6),(404,1153,44.7369300,-2.08339200,323,292,6),(405,1153,44.7366800,-2.08375200,319,199,4),(406,1153,44.7366800,-2.08375200,319,199,4),(407,1153,44.7378500,-2.08134800,322,229,7),(408,1153,44.7378500,-2.08134800,322,229,7),(409,1153,44.7381200,-2.08088700,321,243,6),(410,1153,44.7381200,-2.08088700,321,243,6),(411,1153,44.7382900,-2.08061000,319,230,8),(412,1153,44.7382900,-2.08061000,319,230,8),(413,1153,44.7375400,-2.08174200,321,241,8),(414,1153,44.7375400,-2.08174200,321,241,8),(415,1187,43.3267000,-2.42120200,219,324,0),(416,1187,43.3267000,-2.42120200,219,324,0),(417,1187,43.3266700,-2.42120000,220,322,0),(418,1187,43.3266700,-2.42120000,220,322,0),(419,1187,43.3266800,-2.42118000,218,356,0),(420,1187,43.3266800,-2.42118000,218,356,0),(421,1187,43.3266800,-2.42119700,220,314,1),(422,1187,43.3266800,-2.42119700,220,314,1),(423,1187,43.3266700,-2.42119700,220,312,0),(424,1187,43.3266700,-2.42119700,220,312,0),(425,1248,48.6638000,-6.67554300,286,290,91),(426,1248,48.6638000,-6.67554300,286,290,91),(427,1248,48.6653100,-6.68145500,285,291,91),(428,1248,48.6653100,-6.68145500,285,291,91),(429,1394,52.3690100,5.00859500,511,80,78),(430,1394,52.3690100,5.00859500,511,80,78),(431,1394,52.3693900,5.01207700,511,75,77),(432,1394,52.3693900,5.01207700,511,75,77),(433,1394,52.3706800,5.01869500,511,69,78),(434,1394,52.3706800,5.01869500,511,69,78),(435,1394,52.3699900,5.01539200,511,71,75),(436,1394,52.3699900,5.01539200,511,71,75),(437,1394,52.3685100,5.00029000,511,86,78),(438,1394,52.3685100,5.00029000,511,86,78),(439,1394,52.3686700,5.00507000,511,82,79),(440,1394,52.3686700,5.00507000,511,82,79),(441,1394,52.3684200,4.99674700,511,89,77),(442,1394,52.3684200,4.99674700,511,89,77),(443,1394,52.3684400,4.99252500,511,93,76),(444,1394,52.3684400,4.99252500,511,93,76),(445,1394,52.3736700,5.02878700,511,62,77),(446,1394,52.3736700,5.02878700,511,62,77),(447,1394,52.3726700,5.02565300,511,62,78),(448,1394,52.3726700,5.02565300,511,62,78),(449,1394,52.3715100,5.02197300,511,63,78),(450,1394,52.3715100,5.02197300,511,63,78),(451,1394,52.3757000,5.03508500,511,62,78),(452,1394,52.3757000,5.03508500,511,62,78),(453,1394,52.3746700,5.03190700,511,62,77),(454,1394,52.3746700,5.03190700,511,62,77),(455,1394,52.3767100,5.03824000,511,62,78),(456,1394,52.3767100,5.03824000,511,62,78),(457,501,35.7558300,-6.70683300,62,35,2),(458,501,35.7558300,-6.70683300,62,35,2),(459,587,49.3873100,1.00890500,1,314,0),(460,587,49.3873100,1.00890500,1,314,0),(461,587,49.3873400,1.00888200,1,314,0),(462,587,49.3873400,1.00888200,1,314,0),(463,587,49.3873400,1.00890800,1,314,0),(464,587,49.3873400,1.00890800,1,314,0),(465,587,49.3873300,1.00889300,1,314,0),(466,587,49.3873300,1.00889300,1,314,0),(467,611,53.1441300,-11.85095000,6,356,39),(468,611,53.1441300,-11.85095000,6,356,39),(469,618,39.5977900,-67.32021000,299,301,210),(470,618,39.5977900,-67.32021000,299,301,210),(471,618,39.6100400,-67.34579000,302,303,209),(472,618,39.6100400,-67.34579000,302,303,209),(473,580,39.0906700,-33.75137000,89,85,177),(474,580,39.0906700,-33.75137000,89,85,177),(475,580,39.0896500,-33.77147000,89,86,178),(476,580,39.0896500,-33.77147000,89,86,178),(477,580,39.0926200,-33.71309000,89,85,180),(478,580,39.0926200,-33.71309000,89,85,180),(479,1459,47.1432600,-58.20558000,292,293,116),(480,1459,47.1432600,-58.20558000,292,293,116),(481,1459,47.1467700,-58.21796000,293,292,117),(482,1459,47.1467700,-58.21796000,293,292,117),(483,1459,47.1522100,-58.23691000,292,292,117),(484,1459,47.1522100,-58.23691000,292,292,117),(485,1461,44.2685300,8.80980200,302,289,42),(486,1461,44.2685300,8.80980200,302,289,42),(487,1461,44.2681400,8.81136000,301,287,44),(488,1461,44.2681400,8.81136000,301,287,44),(489,1461,44.2689300,8.80837600,304,288,39),(490,1461,44.2689300,8.80837600,304,288,39),(491,1461,44.2693800,8.80680700,305,289,37),(492,1461,44.2693800,8.80680700,305,289,37),(493,1461,44.2701800,8.80393700,308,290,33),(494,1461,44.2701800,8.80393700,308,290,33),(495,1461,44.2698000,8.80533300,307,290,34),(496,1461,44.2698000,8.80533300,307,290,34),(497,1461,44.2667000,8.81726500,294,285,56),(498,1461,44.2667000,8.81726500,294,285,56),(499,1461,44.2662000,8.81974100,291,283,62),(500,1461,44.2662000,8.81974100,291,283,62),(501,1461,44.2671300,8.81534700,297,286,52),(502,1461,44.2671300,8.81534700,297,286,52),(503,1461,44.2677100,8.81298500,299,288,48),(504,1461,44.2677100,8.81298500,299,288,48),(505,1461,44.2649800,8.82672300,286,280,77),(506,1461,44.2649800,8.82672300,286,280,77),(507,1461,44.2656300,8.82284000,288,281,67),(508,1461,44.2656300,8.82284000,288,281,67),(509,1461,44.2640600,8.83276400,285,279,90),(510,1461,44.2640600,8.83276400,285,279,90),(511,1461,44.2645400,8.82963400,285,280,83),(512,1461,44.2645400,8.82963400,285,280,83),(513,1470,12.1494500,72.77296000,316,313,173),(514,1470,12.1494500,72.77296000,316,313,173),(515,1474,23.5360500,59.48227000,129,127,145),(516,1474,23.5360500,59.48227000,129,127,145),(517,1474,22.8310600,60.45109000,131,132,149),(518,1474,22.8310600,60.45109000,131,132,149),(519,1524,37.5204300,-0.54745000,53,50,90),(520,1524,37.5204300,-0.54745000,53,50,90),(521,1524,37.5185600,-0.55028330,53,50,89),(522,1524,37.5185600,-0.55028330,53,50,89),(523,1524,37.5243400,-0.54156000,54,49,87),(524,1524,37.5243400,-0.54156000,54,49,87),(525,1524,37.5223200,-0.54463170,53,49,89),(526,1524,37.5223200,-0.54463170,53,49,89),(527,1524,37.5266400,-0.53803500,53,50,83),(528,1524,37.5266400,-0.53803500,53,50,83),(529,1524,37.5097100,-0.56346000,54,50,86),(530,1524,37.5097100,-0.56346000,54,50,86),(531,1524,37.5076500,-0.56644670,53,49,83),(532,1524,37.5076500,-0.56644670,53,49,83),(533,1524,37.5058300,-0.56897170,53,48,83),(534,1524,37.5058300,-0.56897170,53,48,83),(535,1524,37.5040500,-0.57144170,54,47,81),(536,1524,37.5040500,-0.57144170,54,47,81),(537,1524,37.5140000,-0.55715000,54,51,88),(538,1524,37.5140000,-0.55715000,54,51,88),(539,1524,37.5161500,-0.55393000,53,49,92),(540,1524,37.5161500,-0.55393000,53,49,92),(541,1524,37.5118600,-0.56030170,53,49,91),(542,1524,37.5118600,-0.56030170,53,49,91),(543,1594,1.4118500,139.78090000,129,131,98),(544,1594,1.4118500,139.78090000,129,131,98),(545,1594,1.4181000,139.77390000,129,130,97),(546,1594,1.4181000,139.77390000,129,130,97),(547,1594,1.4202500,139.77140000,129,130,97),(548,1594,1.4202500,139.77140000,129,130,97),(549,1594,1.4238000,139.76730000,129,130,97),(550,1594,1.4238000,139.76730000,129,130,97),(551,1594,1.4252170,139.76570000,129,131,97),(552,1594,1.4252170,139.76570000,129,131,97),(553,1594,1.4293500,139.76090000,129,131,96),(554,1594,1.4293500,139.76090000,129,131,96),(555,1594,1.4329330,139.75690000,129,131,96),(556,1594,1.4329330,139.75690000,129,131,96),(557,1595,5.0632920,0.81834170,23,25,117),(558,1595,5.0632920,0.81834170,23,25,117),(559,1595,5.0668030,0.82000170,23,25,117),(560,1595,5.0668030,0.82000170,23,25,117),(561,1595,5.0588460,0.81622170,23,25,117),(562,1595,5.0588460,0.81622170,23,25,117),(563,1595,5.0702230,0.82166170,23,25,117),(564,1595,5.0702230,0.82166170,23,25,117),(565,1595,5.0736750,0.82332660,23,25,117),(566,1595,5.0736750,0.82332660,23,25,117),(567,1595,5.0780620,0.82545330,23,25,117),(568,1595,5.0780620,0.82545330,23,25,117),(569,1595,5.0814910,0.82712000,23,25,117),(570,1595,5.0814910,0.82712000,23,25,117),(571,1595,5.0854540,0.82903670,23,25,117),(572,1595,5.0854540,0.82903670,23,25,117),(573,1595,5.0887900,0.83064670,23,25,117),(574,1595,5.0887900,0.83064670,23,25,117),(575,1595,5.0922850,0.83233170,23,25,117),(576,1595,5.0922850,0.83233170,23,25,117),(577,1595,5.0957920,0.83400330,23,25,117),(578,1595,5.0957920,0.83400330,23,25,117),(579,1595,5.0992180,0.83569170,23,26,117),(580,1595,5.0992180,0.83569170,23,26,117),(581,1597,15.7490800,41.41063000,141,139,114),(582,1597,15.7490800,41.41063000,141,139,114),(583,1597,15.7601900,41.40117000,143,141,115),(584,1597,15.7601900,41.40117000,143,141,115),(585,1597,15.7555600,41.40501000,142,140,115),(586,1597,15.7555600,41.40501000,142,140,115),(587,1597,15.7568800,41.40389000,142,141,115),(588,1597,15.7568800,41.40389000,142,141,115),(589,1597,15.7515000,41.40850000,141,139,115),(590,1597,15.7515000,41.40850000,141,139,115),(591,1528,36.9859800,-30.97508000,242,243,111),(592,1528,36.9859800,-30.97508000,242,243,111),(593,1542,1.2901750,104.02050000,62,71,17),(594,1542,1.2901750,104.02050000,62,71,17),(595,1542,1.2897130,104.01920000,65,66,23),(596,1542,1.2897130,104.01920000,65,66,23),(597,1542,1.2876820,104.01490000,64,56,21),(598,1542,1.2876820,104.01490000,64,56,21),(599,1542,1.2873350,104.01450000,62,53,23),(600,1542,1.2873350,104.01450000,62,53,23),(601,1542,1.2889170,104.01750000,65,62,28),(602,1542,1.2889170,104.01750000,65,62,28),(603,1542,1.2883200,104.01620000,64,65,24),(604,1542,1.2883200,104.01620000,64,65,24),(605,1640,-16.8086300,-151.37520000,358,292,1),(606,1640,-16.8086300,-151.37520000,358,292,1),(607,1640,-16.8086400,-151.37510000,17,303,0),(608,1640,-16.8086400,-151.37510000,17,303,0),(609,1640,-16.8083600,-151.37550000,49,351,1),(610,1640,-16.8083600,-151.37550000,49,351,1),(611,1640,-16.8083900,-151.37550000,39,342,2),(612,1640,-16.8083900,-151.37550000,39,342,2),(613,1640,-16.8084700,-151.37550000,28,339,3),(614,1640,-16.8084700,-151.37550000,28,339,3),(615,1640,-16.8084800,-151.37540000,15,315,3),(616,1640,-16.8084800,-151.37540000,15,315,3),(617,1640,-16.8085200,-151.37540000,354,296,3),(618,1640,-16.8085200,-151.37540000,354,296,3),(619,1640,-16.8086300,-151.37520000,2,286,1),(620,1640,-16.8086300,-151.37520000,2,286,1),(621,1640,-16.8085500,-151.37530000,338,288,4),(622,1640,-16.8085500,-151.37530000,338,288,4),(623,1640,-16.8083300,-151.37550000,57,3,1),(624,1640,-16.8083300,-151.37550000,57,3,1),(625,1640,-16.8083300,-151.37550000,68,36,1),(626,1640,-16.8083300,-151.37550000,68,36,1),(627,1640,-16.8083700,-151.37540000,98,160,1),(628,1640,-16.8083700,-151.37540000,98,160,1),(629,1640,-16.8083400,-151.37550000,93,146,1),(630,1640,-16.8083400,-151.37550000,93,146,1),(631,1640,-16.8083200,-151.37550000,87,118,0),(632,1640,-16.8083200,-151.37550000,87,118,0),(633,1640,-16.8084400,-151.37540000,92,159,1),(634,1640,-16.8084400,-151.37540000,92,159,1),(635,1640,-16.8084600,-151.37540000,84,149,1),(636,1640,-16.8084600,-151.37540000,84,149,1),(637,1679,44.6024200,37.65173000,179,152,24),(638,1679,44.6024200,37.65173000,179,152,24),(639,1679,44.6082600,37.64848000,180,163,32),(640,1679,44.6082600,37.64848000,180,163,32),(641,1679,44.6101600,37.64771000,180,165,35),(642,1679,44.6101600,37.64771000,180,165,35),(643,1679,44.6041800,37.65057000,180,156,26),(644,1679,44.6041800,37.65057000,180,156,26),(645,1679,44.6063500,37.64936000,180,160,29),(646,1679,44.6063500,37.64936000,180,160,29),(647,1680,41.3858800,29.12363000,179,175,62),(648,1680,41.3858800,29.12363000,179,175,62),(649,1680,41.3841500,29.12383000,179,175,62),(650,1680,41.3841500,29.12383000,179,175,62),(651,1680,41.3805000,29.12415000,178,175,61),(652,1680,41.3805000,29.12415000,178,175,61),(653,1680,41.3821900,29.12399000,179,175,61),(654,1680,41.3821900,29.12399000,179,175,61),(655,1680,41.3944200,29.12276000,179,177,62),(656,1680,41.3944200,29.12276000,179,177,62),(657,1680,41.3918400,29.12304000,179,175,62),(658,1680,41.3918400,29.12304000,179,175,62),(659,1680,41.3898500,29.12323000,179,175,61),(660,1680,41.3898500,29.12323000,179,175,61),(661,1680,41.3881500,29.12341000,179,176,61),(662,1680,41.3881500,29.12341000,179,176,61),(663,1680,41.3757100,29.12464000,179,175,60),(664,1680,41.3757100,29.12464000,179,175,60),(665,1680,41.3731700,29.12499000,178,173,62),(666,1680,41.3731700,29.12499000,178,173,62),(667,1680,41.3774000,29.12447000,179,174,61),(668,1680,41.3774000,29.12447000,179,174,61),(669,1680,41.3709100,29.12541000,179,172,63),(670,1680,41.3709100,29.12541000,179,172,63),(671,1688,19.9550200,-74.09227000,201,203,164),(672,1688,19.9550200,-74.09227000,201,203,164),(673,1688,19.9325200,-74.10273000,201,203,163),(674,1688,19.9325200,-74.10273000,201,203,163),(675,1703,5.7870820,-79.92342000,17,15,122),(676,1703,5.7870820,-79.92342000,17,15,122),(677,1703,5.7837900,-79.92436000,16,14,122),(678,1703,5.7837900,-79.92436000,16,14,122),(679,1703,5.7802700,-79.92535000,16,15,122),(680,1703,5.7802700,-79.92535000,16,15,122),(681,1703,5.7739580,-79.92712000,16,16,123),(682,1703,5.7739580,-79.92712000,16,16,123),(683,1703,5.7767420,-79.92635000,16,16,121),(684,1703,5.7767420,-79.92635000,16,16,121),(685,1703,5.7685550,-79.92856000,15,14,122),(686,1703,5.7685550,-79.92856000,15,14,122),(687,1703,5.8000950,-79.91963000,17,16,121),(688,1703,5.8000950,-79.91963000,17,16,121),(689,1703,5.8027100,-79.91889000,17,15,120),(690,1703,5.8027100,-79.91889000,17,15,120),(691,1652,36.6470500,-34.38564000,268,269,148),(692,1652,36.6470500,-34.38564000,268,269,148),(693,1652,36.6446600,-34.49845000,268,266,148),(694,1652,36.6446600,-34.49845000,268,266,148),(695,1653,14.8336500,42.93483000,180,175,1),(696,1653,14.8336500,42.93483000,180,175,1),(697,1719,53.1244500,1.60632500,195,204,77),(698,1719,53.1244500,1.60632500,195,204,77),(699,1719,53.1224700,1.60474200,195,205,78),(700,1719,53.1224700,1.60474200,195,205,78),(701,1719,53.1205000,1.60318800,197,206,78),(702,1719,53.1205000,1.60318800,197,206,78),(703,1719,53.1185400,1.60160500,195,205,78),(704,1719,53.1185400,1.60160500,195,205,78),(705,1719,53.1159500,1.59950300,197,206,79),(706,1719,53.1159500,1.59950300,197,206,79),(707,1719,53.1337800,1.61384000,195,205,78),(708,1719,53.1337800,1.61384000,195,205,78),(709,1719,53.1306400,1.61125000,196,206,78),(710,1719,53.1306400,1.61125000,196,206,78),(711,1719,53.1283500,1.60941300,196,206,77),(712,1719,53.1283500,1.60941300,196,206,77),(713,1719,53.1264000,1.60785200,195,204,77),(714,1719,53.1264000,1.60785200,195,204,77),(715,1719,53.1383400,1.61756000,196,206,78),(716,1719,53.1383400,1.61756000,196,206,78),(717,1719,53.1357100,1.61546000,196,206,78),(718,1719,53.1357100,1.61546000,196,206,78),(719,1719,53.1402800,1.61912800,196,205,78),(720,1719,53.1402800,1.61912800,196,205,78),(721,1719,53.1422300,1.62069800,195,206,77),(722,1719,53.1422300,1.62069800,195,206,77),(723,1714,-38.5756500,138.89560000,280,280,117),(724,1714,-38.5756500,138.89560000,280,280,117),(725,1714,-38.5740500,138.88450000,279,279,117),(726,1714,-38.5740500,138.88450000,279,279,117),(727,1714,-38.5737600,138.88230000,279,279,118),(728,1714,-38.5737600,138.88230000,279,279,118),(729,1714,-38.5730500,138.87680000,279,278,117),(730,1714,-38.5730500,138.87680000,279,278,117),(731,1714,-38.5777800,138.90990000,280,280,118),(732,1714,-38.5777800,138.90990000,280,280,118),(733,1714,-38.5783200,138.91350000,280,280,118),(734,1714,-38.5783200,138.91350000,280,280,118),(735,1714,-38.5791700,138.91900000,280,280,118),(736,1714,-38.5791700,138.91900000,280,280,118),(737,1714,-38.5795700,138.92180000,280,280,118),(738,1714,-38.5795700,138.92180000,280,280,118),(739,1714,-38.5801700,138.92590000,280,280,118),(740,1714,-38.5801700,138.92590000,280,280,118),(741,1714,-38.5822700,138.94030000,280,280,118),(742,1714,-38.5822700,138.94030000,280,280,118),(743,1714,-38.5806500,138.92930000,280,280,118),(744,1714,-38.5806500,138.92930000,280,280,118),(745,1727,30.2265200,-10.09093000,253,247,120),(746,1727,30.2265200,-10.09093000,253,247,120),(747,1733,1.4464820,104.78940000,286,278,109),(748,1733,1.4464820,104.78940000,286,278,109),(749,1746,53.5430700,9.91871600,267,305,0),(750,1746,53.5430700,9.91871600,267,305,0),(751,1746,53.5431100,9.91868700,268,305,0),(752,1746,53.5431100,9.91868700,268,305,0),(753,1746,53.5431000,9.91867600,269,305,0),(754,1746,53.5431000,9.91867600,269,305,0),(755,1746,53.5431100,9.91872500,268,305,0),(756,1746,53.5431100,9.91872500,268,305,0),(757,1780,-16.6196000,119.23050000,209,206,120),(758,1780,-16.6196000,119.23050000,209,206,120),(759,1780,-16.6160500,119.23240000,209,207,120),(760,1780,-16.6160500,119.23240000,209,207,120),(761,1780,-16.6090700,119.23610000,209,206,120),(762,1780,-16.6090700,119.23610000,209,206,120),(763,1780,-16.6124300,119.23430000,209,206,120),(764,1780,-16.6124300,119.23430000,209,206,120),(765,1780,-16.6036000,119.23890000,209,207,120),(766,1780,-16.6036000,119.23890000,209,207,120),(767,1780,-16.5971500,119.24240000,209,207,121),(768,1780,-16.5971500,119.24240000,209,207,121),(769,1780,-16.5990800,119.24140000,209,207,120),(770,1780,-16.5990800,119.24140000,209,207,120),(771,1783,36.6350000,0.08166666,81,82,90),(772,1783,36.6350000,0.08166666,81,82,90),(773,1783,36.6366700,0.09166667,81,82,90),(774,1783,36.6366700,0.09166667,81,82,90),(775,1783,36.6333400,0.07166667,81,84,90),(776,1783,36.6333400,0.07166667,81,84,90),(777,1783,36.6333400,0.06166667,81,80,90),(778,1783,36.6333400,0.06166667,81,80,90),(779,1783,36.6316700,0.05166667,81,83,90),(780,1783,36.6316700,0.05166667,81,83,90),(781,1828,-29.2869600,153.95980000,12,15,76),(782,1828,-29.2869600,153.95980000,12,15,76),(783,1828,-29.2845700,153.96050000,12,15,76),(784,1828,-29.2845700,153.96050000,12,15,76),(785,1828,-29.2835400,153.96080000,12,13,76),(786,1828,-29.2835400,153.96080000,12,13,76),(787,1828,-29.2811100,153.96150000,12,13,76),(788,1828,-29.2811100,153.96150000,12,13,76),(789,1828,-29.2726100,153.96410000,12,11,77),(790,1828,-29.2726100,153.96410000,12,11,77),(791,1828,-29.2695300,153.96500000,12,15,77),(792,1828,-29.2695300,153.96500000,12,15,77),(793,1828,-29.2780900,153.96240000,13,13,76),(794,1828,-29.2780900,153.96240000,13,13,76),(795,1828,-29.2749800,153.96340000,12,16,77),(796,1828,-29.2749800,153.96340000,12,16,77),(797,1828,-29.2664700,153.96580000,12,14,76),(798,1828,-29.2664700,153.96580000,12,14,76),(799,1828,-29.2644500,153.96630000,12,12,76),(800,1828,-29.2644500,153.96630000,12,12,76),(801,1828,-29.2613200,153.96710000,12,13,76),(802,1828,-29.2613200,153.96710000,12,13,76),(803,1828,-29.2630100,153.96670000,12,13,76),(804,1828,-29.2630100,153.96670000,12,13,76),(805,1828,-29.2609400,153.96720000,12,14,77),(806,1828,-29.2609400,153.96720000,12,14,77),(807,1828,-29.2592300,153.96770000,12,10,77),(808,1828,-29.2592300,153.96770000,12,10,77),(809,1829,-27.8402700,43.85742000,243,247,88),(810,1829,-27.8402700,43.85742000,243,247,88),(811,1829,-27.8407400,43.85609000,242,246,88),(812,1829,-27.8407400,43.85609000,242,246,88),(813,1829,-27.8413400,43.85439000,244,250,88),(814,1829,-27.8413400,43.85439000,244,250,88),(815,1829,-27.8384500,43.86250000,243,247,86),(816,1829,-27.8384500,43.86250000,243,247,86),(817,1829,-27.8372800,43.86578000,243,247,87),(818,1829,-27.8372800,43.86578000,243,247,87),(819,1829,-27.8366800,43.86745000,243,247,86),(820,1829,-27.8366800,43.86745000,243,247,86),(821,1829,-27.8337200,43.87634000,243,246,85),(822,1829,-27.8337200,43.87634000,243,246,85),(823,1829,-27.8328700,43.87875000,242,248,85),(824,1829,-27.8328700,43.87875000,242,248,85),(825,1829,-27.8354300,43.87121000,244,248,87),(826,1829,-27.8354300,43.87121000,244,248,87),(827,1829,-27.8355700,43.87084000,244,247,87),(828,1829,-27.8355700,43.87084000,244,247,87),(829,1829,-27.8348400,43.87295000,244,250,86),(830,1829,-27.8348400,43.87295000,244,250,86),(831,1829,-27.8343000,43.87458000,243,248,87),(832,1829,-27.8343000,43.87458000,243,248,87),(833,1829,-27.8309400,43.88445000,243,246,85),(834,1829,-27.8309400,43.88445000,243,246,85),(835,1829,-27.8314300,43.88283000,243,253,85),(836,1829,-27.8314300,43.88283000,243,253,85),(837,1829,-27.8320200,43.88125000,242,244,85),(838,1829,-27.8320200,43.88125000,242,244,85),(839,1829,-27.8302100,43.88653000,243,252,86),(840,1829,-27.8302100,43.88653000,243,252,86),(841,1829,-27.8290400,43.89034000,244,248,87),(842,1829,-27.8290400,43.89034000,244,248,87),(843,1829,-27.8295300,43.88871000,244,251,87),(844,1829,-27.8295300,43.88871000,244,251,87),(845,1786,-23.1993700,53.43707000,235,237,105),(846,1786,-23.1993700,53.43707000,235,237,105),(847,1786,-23.2012500,53.43401000,236,237,107),(848,1786,-23.2012500,53.43401000,236,237,107),(849,1786,-23.2001900,53.43575000,235,236,106),(850,1786,-23.2001900,53.43575000,235,236,106),(851,1786,-23.2038300,53.42961000,237,237,100),(852,1786,-23.2038300,53.42961000,237,237,100),(853,1786,-23.2046100,53.42828000,237,238,100),(854,1786,-23.2046100,53.42828000,237,238,100),(855,1786,-23.2028300,53.43134000,237,236,104),(856,1786,-23.2028300,53.43134000,237,236,104),(857,1786,-23.2066700,53.42484000,237,238,99),(858,1786,-23.2066700,53.42484000,237,238,99),(859,1786,-23.1930400,53.44783000,236,237,102),(860,1786,-23.1930400,53.44783000,236,237,102),(861,1786,-23.1920200,53.44953000,236,236,100),(862,1786,-23.1920200,53.44953000,236,236,100),(863,1786,-23.1967600,53.44146000,236,238,100),(864,1786,-23.1967600,53.44146000,236,238,100),(865,1786,-23.1958300,53.44312000,236,237,101),(866,1786,-23.1958300,53.44312000,236,237,101),(867,1786,-23.1953100,53.44402000,236,236,99),(868,1786,-23.1953100,53.44402000,236,236,99),(869,1786,-23.1850000,53.46096000,235,237,101),(870,1786,-23.1850000,53.46096000,235,237,101),(871,1786,-23.1865400,53.45841000,235,237,100),(872,1786,-23.1865400,53.45841000,235,237,100),(873,1786,-23.1907000,53.45166000,235,235,100),(874,1786,-23.1907000,53.45166000,235,235,100),(875,1786,-23.1881500,53.45583000,235,236,104),(876,1786,-23.1881500,53.45583000,235,236,104),(877,1817,-11.4961600,152.02800000,220,220,119),(878,1817,-11.4961600,152.02800000,220,220,119),(879,1817,-11.5012600,152.02370000,220,218,118),(880,1817,-11.5012600,152.02370000,220,218,118),(881,1817,-11.5067900,152.01920000,220,219,118),(882,1817,-11.5067900,152.01920000,220,219,118),(883,1817,-11.5093700,152.01710000,221,218,118),(884,1817,-11.5093700,152.01710000,221,218,118),(885,1817,-11.5221200,152.00640000,220,218,119),(886,1817,-11.5221200,152.00640000,220,218,119),(887,1817,-11.5127100,152.01420000,220,220,118),(888,1817,-11.5127100,152.01420000,220,220,118),(889,1817,-11.5165300,152.01100000,220,221,118),(890,1817,-11.5165300,152.01100000,220,221,118),(891,1838,5.8733330,83.64500000,270,258,210),(892,1838,5.8733330,83.64500000,270,258,210),(893,1853,-39.2142700,158.07800000,278,275,194),(894,1853,-39.2142700,158.07800000,278,275,194),(895,1853,-39.2139200,158.07300000,278,275,193),(896,1853,-39.2139200,158.07300000,278,275,193),(897,1853,-39.2135700,158.06760000,277,274,193),(898,1853,-39.2135700,158.06760000,277,274,193),(899,1853,-39.2125200,158.05240000,279,275,193),(900,1853,-39.2125200,158.05240000,279,275,193),(901,1853,-39.2128300,158.05650000,278,275,193),(902,1853,-39.2128300,158.05650000,278,275,193),(903,1853,-39.2121300,158.04760000,278,275,193),(904,1853,-39.2121300,158.04760000,278,275,193),(905,1853,-39.2118800,158.04420000,278,275,194),(906,1853,-39.2118800,158.04420000,278,275,194),(907,1853,-39.2152300,158.09100000,277,274,193),(908,1853,-39.2152300,158.09100000,277,274,193),(909,1853,-39.2148300,158.08540000,278,275,194),(910,1853,-39.2148300,158.08540000,278,275,194),(911,1853,-39.2145300,158.08140000,278,275,194),(912,1853,-39.2145300,158.08140000,278,275,194),(913,1853,-39.2187500,158.13930000,278,275,194),(914,1853,-39.2187500,158.13930000,278,275,194),(915,1853,-39.2187500,158.13930000,278,275,194),(916,1853,-39.2187500,158.13930000,278,275,194),(917,1853,-39.2176700,158.12550000,278,275,194),(918,1853,-39.2176700,158.12550000,278,275,194),(919,1853,-39.2180500,158.13030000,279,276,193),(920,1853,-39.2180500,158.13030000,279,276,193),(921,1853,-39.2170200,158.11640000,278,275,194),(922,1853,-39.2170200,158.11640000,278,275,194),(923,1853,-39.2166300,158.11100000,278,275,192),(924,1853,-39.2166300,158.11100000,278,275,192),(925,1853,-39.2177200,158.12610000,278,275,193),(926,1853,-39.2177200,158.12610000,278,275,193),(927,1867,-8.8671000,-1.88433300,325,322,122),(928,1867,-8.8671000,-1.88433300,325,322,122),(929,1867,-8.8712170,-1.88130000,326,324,122),(930,1867,-8.8712170,-1.88130000,326,324,122),(931,1867,-8.8739830,-1.87933300,327,324,123),(932,1867,-8.8739830,-1.87933300,327,324,123),(933,1867,-8.8529170,-1.89485000,326,323,122),(934,1867,-8.8529170,-1.89485000,326,323,122),(935,1867,-8.8376500,-1.90625000,326,323,124),(936,1867,-8.8376500,-1.90625000,326,323,124),(937,1867,-8.8353330,-1.90800000,326,323,124),(938,1867,-8.8353330,-1.90800000,326,323,124),(939,1867,-8.8334670,-1.90936700,326,324,124),(940,1867,-8.8334670,-1.90936700,326,324,124),(941,1867,-8.8463830,-1.89973300,327,323,122),(942,1867,-8.8463830,-1.89973300,327,323,122),(943,1867,-8.8491330,-1.89766700,326,322,122),(944,1867,-8.8491330,-1.89766700,326,322,122),(945,1906,15.6696700,-146.67200000,266,269,126),(946,1906,15.6696700,-146.67200000,266,269,126),(947,1906,15.6694500,-146.68100000,267,267,125),(948,1906,15.6694500,-146.68100000,267,267,125),(949,1906,15.6693300,-146.68710000,267,268,124),(950,1906,15.6693300,-146.68710000,267,268,124),(951,1906,15.6692800,-146.69070000,267,270,125),(952,1906,15.6692800,-146.69070000,267,270,125),(953,1906,15.6692600,-146.69600000,267,269,125),(954,1906,15.6692600,-146.69600000,267,269,125),(955,1909,14.0691200,-35.85802000,221,221,122),(956,1909,14.0691200,-35.85802000,221,221,122),(957,1909,14.0819500,-35.84637000,221,219,122),(958,1909,14.0819500,-35.84637000,221,219,122),(959,1909,14.0996400,-35.83081000,222,220,122),(960,1909,14.0996400,-35.83081000,222,220,122),(961,1909,14.0936100,-35.83618000,221,220,122),(962,1909,14.0936100,-35.83618000,221,220,122),(963,1878,53.9201800,171.18640000,257,258,116),(964,1878,53.9201800,171.18640000,257,258,116),(965,1878,53.9214100,171.19700000,257,259,116),(966,1878,53.9214100,171.19700000,257,259,116),(967,1878,53.9255800,171.23620000,257,260,116),(968,1878,53.9255800,171.23620000,257,260,116),(969,1884,44.9171600,168.25720000,63,47,66),(970,1884,44.9171600,168.25720000,63,47,66),(971,1884,44.9179600,168.25860000,65,49,69),(972,1884,44.9179600,168.25860000,65,49,69),(973,1884,44.9200000,168.26330000,65,54,60),(974,1884,44.9200000,168.26330000,65,54,60),(975,1884,44.9219300,168.26660000,70,59,61),(976,1884,44.9219300,168.26660000,70,59,61),(977,1884,44.9214700,168.26550000,71,60,64),(978,1884,44.9214700,168.26550000,71,60,64),(979,1886,35.9563000,35.06730000,11,7,105),(980,1886,35.9563000,35.06730000,11,7,105),(981,1888,42.6458500,-9.80938800,4,6,86),(982,1888,42.6458500,-9.80938800,4,6,86),(983,1930,4.3909760,80.44332000,161,217,21),(984,1930,4.3909760,80.44332000,161,217,21),(985,1958,20.9663700,88.15093000,157,325,1),(986,1958,20.9663700,88.15093000,157,325,1),(987,1958,20.9663500,88.15092000,157,333,1),(988,1958,20.9663500,88.15092000,157,333,1),(989,1960,57.6969300,10.59477000,235,235,88),(990,1960,57.6969300,10.59477000,235,235,88),(991,1960,57.6956500,10.59145000,237,235,72),(992,1960,57.6956500,10.59145000,237,235,72),(993,1960,57.6947200,10.58900000,235,233,54),(994,1960,57.6947200,10.58900000,235,233,54),(995,1960,57.6940000,10.58743000,242,231,36),(996,1960,57.6940000,10.58743000,242,231,36),(997,1960,57.6933300,10.58600000,271,227,17),(998,1960,57.6933300,10.58600000,271,227,17),(999,1960,57.7016100,10.62360000,268,266,71),(1000,1960,57.7016100,10.62360000,268,266,71),(1001,1960,57.7014400,10.61877000,268,266,80),(1002,1960,57.7014400,10.61877000,268,266,80),(1003,1960,57.7017200,10.62740000,266,262,69),(1004,1960,57.7017200,10.62740000,266,262,69),(1005,1960,57.7021700,10.63180000,257,246,68),(1006,1960,57.7021700,10.63180000,257,246,68),(1007,1960,57.7007300,10.60682000,249,253,85),(1008,1960,57.7007300,10.60682000,249,253,85),(1009,1960,57.7012100,10.61228000,267,266,85),(1010,1960,57.7012100,10.61228000,267,266,85),(1011,1960,57.6982800,10.59852000,238,237,88),(1012,1960,57.6982800,10.59852000,238,237,88),(1013,1960,57.6996000,10.60253000,242,242,87),(1014,1960,57.6996000,10.60253000,242,242,87),(1015,1962,57.2733300,0.84166660,89,93,0),(1016,1962,57.2733300,0.84166660,89,93,0),(1017,1967,43.9655500,13.65687000,124,125,119),(1018,1967,43.9655500,13.65687000,124,125,119),(1019,1967,43.9636200,13.66064000,124,125,119),(1020,1967,43.9636200,13.66064000,124,125,119),(1021,1967,43.9687700,13.65051000,124,125,118),(1022,1967,43.9687700,13.65051000,124,125,118),(1023,1967,43.9731900,13.64178000,123,124,119),(1024,1967,43.9731900,13.64178000,123,124,119),(1025,1967,43.9751100,13.63802000,123,124,119),(1026,1967,43.9751100,13.63802000,123,124,119),(1027,1967,43.9782400,13.63181000,123,124,119),(1028,1967,43.9782400,13.63181000,123,124,119),(1029,1967,43.9826300,13.62290000,123,125,119),(1030,1967,43.9826300,13.62290000,123,125,119),(1031,1967,43.9801100,13.62799000,123,124,118),(1032,1967,43.9801100,13.62799000,123,124,118),(1033,1967,43.9876400,13.61286000,122,124,119),(1034,1967,43.9876400,13.61286000,122,124,119),(1035,1968,3.3771670,-30.92541000,193,195,142),(1036,1968,3.3771670,-30.92541000,193,195,142),(1037,1968,3.3896550,-30.92209000,193,195,140),(1038,1968,3.3896550,-30.92209000,193,195,140),(1039,1968,3.3665350,-30.92823000,193,194,141),(1040,1968,3.3665350,-30.92823000,193,194,141),(1041,1968,3.3703330,-30.92724000,193,194,141),(1042,1968,3.3703330,-30.92724000,193,194,141),(1043,1968,3.3638070,-30.92896000,193,194,141),(1044,1968,3.3638070,-30.92896000,193,194,141),(1045,1968,3.3539750,-30.93154000,193,195,140),(1046,1968,3.3539750,-30.93154000,193,195,140),(1047,1968,3.3497820,-30.93264000,193,194,142),(1048,1968,3.3497820,-30.93264000,193,194,142),(1049,1968,3.3466880,-30.93346000,193,195,140),(1050,1968,3.3466880,-30.93346000,193,195,140),(1051,1968,3.3440850,-30.93414000,193,194,141),(1052,1968,3.3440850,-30.93414000,193,194,141),(1053,1968,3.3380220,-30.93574000,194,194,140),(1054,1968,3.3380220,-30.93574000,194,194,140),(1055,1968,3.3361200,-30.93625000,193,195,140),(1056,1968,3.3361200,-30.93625000,193,195,140),(1057,1978,14.7556400,59.29067000,115,113,113),(1058,1978,14.7556400,59.29067000,115,113,113),(1059,1978,14.7675500,59.26217000,115,113,113),(1060,1978,14.7675500,59.26217000,115,113,113),(1061,1982,19.4867500,37.31535000,348,252,1),(1062,1982,19.4867500,37.31535000,348,252,1),(1063,1992,24.4712400,-15.88765000,205,205,113),(1064,1992,24.4712400,-15.88765000,205,205,113),(1065,1992,24.4854700,-15.88009000,204,206,113),(1066,1992,24.4854700,-15.88009000,204,206,113),(1067,1992,24.4684000,-15.88919000,205,206,114),(1068,1992,24.4684000,-15.88919000,205,206,114),(1069,1992,24.4570400,-15.89524000,204,206,112),(1070,1992,24.4570400,-15.89524000,204,206,112),(1071,1992,24.4617500,-15.89273000,204,204,114),(1072,1992,24.4617500,-15.89273000,204,204,114),(1073,2049,-10.8917000,45.31165000,52,57,119),(1074,2049,-10.8917000,45.31165000,52,57,119),(1075,2049,-10.9064200,45.28828000,52,57,120),(1076,2049,-10.9064200,45.28828000,52,57,120),(1077,2049,-10.9022500,45.29496000,52,56,120),(1078,2049,-10.9022500,45.29496000,52,56,120),(1079,2049,-10.9013100,45.29645000,52,57,120),(1080,2049,-10.9013100,45.29645000,52,57,120),(1081,2049,-10.9001200,45.29831000,52,57,120),(1082,2049,-10.9001200,45.29831000,52,57,120),(1083,2049,-10.8874300,45.31831000,52,58,121),(1084,2049,-10.8874300,45.31831000,52,58,121),(1085,2049,-10.8821500,45.32649000,52,56,123),(1086,2049,-10.8821500,45.32649000,52,56,123),(1087,2050,4.6455340,-50.39510000,122,120,105),(1088,2050,4.6455340,-50.39510000,122,120,105),(1089,2050,4.6581670,-50.41575000,121,121,106),(1090,2050,4.6581670,-50.41575000,121,121,106),(1091,2050,4.6609500,-50.42030000,122,122,106),(1092,2050,4.6609500,-50.42030000,122,122,106),(1093,2050,4.6599660,-50.41860000,121,120,105),(1094,2050,4.6599660,-50.41860000,121,120,105),(1095,2050,4.6509830,-50.40398000,122,120,105),(1096,2050,4.6509830,-50.40398000,122,120,105),(1097,2050,4.6542670,-50.40933000,122,119,107),(1098,2050,4.6542670,-50.40933000,122,119,107),(1099,2050,4.6525000,-50.40647000,122,121,107),(1100,2050,4.6525000,-50.40647000,122,121,107),(1101,2073,55.2272500,13.25141000,93,93,113),(1102,2073,55.2272500,13.25141000,93,93,113),(1103,2073,55.2280200,13.23135000,93,94,115),(1104,2073,55.2280200,13.23135000,93,94,115),(1105,2073,55.2282700,13.22488000,93,93,114),(1106,2073,55.2282700,13.22488000,93,93,114),(1107,2073,55.2277700,13.23774000,93,94,113),(1108,2073,55.2277700,13.23774000,93,94,113),(1109,2073,55.2275500,13.24326000,93,94,114),(1110,2073,55.2275500,13.24326000,93,94,114),(1111,2073,55.2301200,13.18389000,93,94,116),(1112,2073,55.2301200,13.18389000,93,94,116),(1113,2073,55.2303600,13.17736000,93,93,116),(1114,2073,55.2303600,13.17736000,93,93,116),(1115,2073,55.2297800,13.19146000,93,95,116),(1116,2073,55.2297800,13.19146000,93,95,116),(1117,2073,55.2294800,13.19790000,93,95,116),(1118,2073,55.2294800,13.19790000,93,95,116),(1119,2073,55.2285200,13.21844000,93,93,115),(1120,2073,55.2285200,13.21844000,93,93,115),(1121,2073,55.2288300,13.21185000,93,94,116),(1122,2073,55.2288300,13.21185000,93,94,116),(1123,2073,55.2291300,13.20533000,93,95,115),(1124,2073,55.2291300,13.20533000,93,95,115),(1125,2080,14.0151100,-17.74677000,174,172,159),(1126,2080,14.0151100,-17.74677000,174,172,159),(1127,2080,14.0203400,-17.74747000,174,173,160),(1128,2080,14.0203400,-17.74747000,174,173,160),(1129,2080,14.0102500,-17.74608000,174,172,159),(1130,2080,14.0102500,-17.74608000,174,172,159),(1131,2080,14.0045000,-17.74541000,177,175,160),(1132,2080,14.0045000,-17.74541000,177,175,160),(1133,2080,14.0261500,-17.74820000,175,173,159),(1134,2080,14.0261500,-17.74820000,175,173,159),(1135,2080,14.0314800,-17.74879000,175,174,161),(1136,2080,14.0314800,-17.74879000,175,174,161),(1137,2080,14.0417100,-17.75020000,172,170,159),(1138,2080,14.0417100,-17.75020000,172,170,159),(1139,2080,14.0368200,-17.74939000,176,171,161),(1140,2080,14.0368200,-17.74939000,176,171,161),(1141,2080,13.9845200,-17.74319000,176,172,158),(1142,2080,13.9845200,-17.74319000,176,172,158),(1143,2080,13.9995800,-17.74510000,176,176,161),(1144,2080,13.9995800,-17.74510000,176,176,161),(1145,2080,13.9942300,-17.74467000,172,174,160),(1146,2080,13.9942300,-17.74467000,172,174,160),(1147,2080,13.9810000,-17.74279000,178,174,159),(1148,2080,13.9810000,-17.74279000,178,174,159),(1149,2086,5.9940530,95.13006000,88,87,140),(1150,2086,5.9940530,95.13006000,88,87,140),(1151,2093,57.5016700,-1.77976000,269,246,0),(1152,2093,57.5016700,-1.77976000,269,246,0),(1153,2093,57.5016700,-1.77976500,269,192,0),(1154,2093,57.5016700,-1.77976500,269,192,0),(1155,2093,57.5016500,-1.77976200,269,136,0),(1156,2093,57.5016500,-1.77976200,269,136,0),(1157,2093,57.5016500,-1.77975800,269,199,0),(1158,2093,57.5016500,-1.77975800,269,199,0),(1159,2093,57.5016700,-1.77976000,269,281,0),(1160,2093,57.5016700,-1.77976000,269,281,0),(1161,2176,52.7917600,4.16648800,30,30,157),(1162,2176,52.7917600,4.16648800,30,30,157),(1163,2176,52.7996800,4.17396500,29,29,157),(1164,2176,52.7996800,4.17396500,29,29,157),(1165,2176,52.7959100,4.17039700,30,29,157),(1166,2176,52.7959100,4.17039700,30,29,157),(1167,2176,52.8096000,4.18328500,30,30,158),(1168,2176,52.8096000,4.18328500,30,30,158),(1169,2176,52.8046100,4.17859600,30,29,157),(1170,2176,52.8046100,4.17859600,30,29,157),(1171,2176,52.8140900,4.18753000,29,29,157),(1172,2176,52.8140900,4.18753000,29,29,157),(1173,2176,52.8178900,4.19108300,30,30,158),(1174,2176,52.8178900,4.19108300,30,30,158),(1175,2176,52.8224500,4.19535400,30,29,157),(1176,2176,52.8224500,4.19535400,30,29,157),(1177,2176,52.8269800,4.19965200,29,29,158),(1178,2176,52.8269800,4.19965200,29,29,158),(1179,2176,52.8353300,4.20748900,29,29,158),(1180,2176,52.8353300,4.20748900,29,29,158),(1181,2176,52.8315500,4.20392000,29,29,157),(1182,2176,52.8315500,4.20392000,29,29,157),(1183,2176,52.8398700,4.21176800,30,30,158),(1184,2176,52.8398700,4.21176800,30,30,158),(1185,2176,52.8444400,4.21601300,30,29,157),(1186,2176,52.8444400,4.21601300,30,29,157),(1187,2177,29.5927100,-89.82369000,126,127,175),(1188,2177,29.5927100,-89.82369000,126,127,175),(1189,2177,29.5986900,-89.83453000,114,112,175),(1190,2177,29.5986900,-89.83453000,114,112,175),(1191,2177,29.5961500,-89.82912000,124,122,174),(1192,2177,29.5961500,-89.82912000,124,122,174),(1193,2177,29.6004700,-89.84042000,106,102,177),(1194,2177,29.6004700,-89.84042000,106,102,177),(1195,2177,29.6017000,-89.84693000,100,102,176),(1196,2177,29.6017000,-89.84693000,100,102,176),(1197,2177,29.6027200,-89.85252000,100,101,175),(1198,2177,29.6027200,-89.85252000,100,101,175),(1199,2177,29.6048500,-89.86504000,99,102,173),(1200,2177,29.6048500,-89.86504000,99,102,173),(1201,2177,29.6037500,-89.85849000,99,100,175),(1202,2177,29.6037500,-89.85849000,99,100,175),(1203,2177,29.6059500,-89.87098000,100,103,172),(1204,2177,29.6059500,-89.87098000,100,103,172),(1205,2177,29.6095900,-89.88340000,109,112,170),(1206,2177,29.6095900,-89.88340000,109,112,170),(1207,2177,29.6075100,-89.87739000,105,110,171),(1208,2177,29.6075100,-89.87739000,105,110,171),(1209,2177,29.6117900,-89.88931000,111,116,167),(1210,2177,29.6117900,-89.88931000,111,116,167),(1211,2177,29.6143200,-89.89438000,120,120,165),(1212,2177,29.6143200,-89.89438000,120,120,165),(1213,2189,53.5432500,9.91817700,269,3,1),(1214,2189,53.5432500,9.91817700,269,3,1),(1215,2189,53.5432000,9.91813200,269,3,1),(1216,2189,53.5432000,9.91813200,269,3,1),(1217,2189,53.5432300,9.91818700,269,3,1),(1218,2189,53.5432300,9.91818700,269,3,1),(1219,2189,53.5431500,9.91811200,269,3,1),(1220,2189,53.5431500,9.91811200,269,3,1),(1221,2194,53.5432500,9.91865600,273,19,0),(1222,2194,53.5432500,9.91865600,273,19,0),(1223,2194,53.5432700,9.91857100,273,19,0),(1224,2194,53.5432700,9.91857100,273,19,0),(1225,2194,53.5432700,9.91860900,274,19,0),(1226,2194,53.5432700,9.91860900,274,19,0),(1227,2197,37.9293300,-8.84583400,143,147,60),(1228,2197,37.9293300,-8.84583400,143,147,60),(1229,2197,37.9276700,-8.84416700,143,142,65),(1230,2197,37.9276700,-8.84416700,143,142,65),(1231,2197,37.9256700,-8.84250000,147,147,70),(1232,2197,37.9256700,-8.84250000,147,147,70),(1233,2197,37.9231600,-8.84066700,177,159,75),(1234,2197,37.9231600,-8.84066700,177,159,75),(1235,2197,37.9196700,-8.84116500,227,210,71),(1236,2197,37.9196700,-8.84116500,227,210,71),(1237,2197,37.9176700,-8.84566700,254,256,92),(1238,2197,37.9176700,-8.84566700,254,256,92),(1239,2197,37.9153300,-8.85333300,252,249,137),(1240,2197,37.9153300,-8.85333300,252,249,137),(1241,2197,37.9118300,-8.86633300,252,252,161),(1242,2197,37.9118300,-8.86633300,252,252,161),(1243,2197,37.9136700,-8.85966700,251,251,153),(1244,2197,37.9136700,-8.85966700,251,251,153),(1245,2197,37.9096700,-8.87449800,252,251,162),(1246,2197,37.9096700,-8.87449800,252,251,162),(1247,2205,-34.5386700,-35.44301000,279,279,127),(1248,2205,-34.5386700,-35.44301000,279,279,127),(1249,2205,-34.5399200,-35.43532000,280,279,127),(1250,2205,-34.5399200,-35.43532000,280,279,127),(1251,2205,-34.5406600,-35.43041000,280,280,126),(1252,2205,-34.5406600,-35.43041000,280,280,126),(1253,2205,-34.5415600,-35.42480000,280,279,127),(1254,2205,-34.5415600,-35.42480000,280,279,127),(1255,2205,-34.5425100,-35.41850000,279,281,126),(1256,2205,-34.5425100,-35.41850000,279,281,126),(1257,2205,-34.5447100,-35.40455000,280,279,127),(1258,2205,-34.5447100,-35.40455000,280,279,127),(1259,2205,-34.5454600,-35.39956000,279,281,127),(1260,2205,-34.5454600,-35.39956000,279,281,127),(1261,2205,-34.5462600,-35.39467000,280,280,126),(1262,2205,-34.5462600,-35.39467000,280,280,126),(1263,2208,-35.1643400,7.08379500,90,86,108),(1264,2208,-35.1643400,7.08379500,90,86,108),(1265,2208,-35.1643300,7.08741300,90,90,107),(1266,2208,-35.1643300,7.08741300,90,90,107),(1267,2208,-35.1643400,7.09351000,89,89,106),(1268,2208,-35.1643400,7.09351000,89,89,106),(1269,2208,-35.1643400,7.09042800,89,88,105),(1270,2208,-35.1643400,7.09042800,89,88,105),(1271,2208,-35.1643300,7.09585200,89,91,106),(1272,2208,-35.1643300,7.09585200,89,91,106),(1273,2208,-35.1642700,7.10573500,90,89,107),(1274,2208,-35.1642700,7.10573500,90,89,107),(1275,2208,-35.1642800,7.09860300,90,89,108),(1276,2208,-35.1642800,7.09860300,90,89,108),(1277,2208,-35.1642700,7.10185800,90,88,108),(1278,2208,-35.1642700,7.10185800,90,88,108),(1279,2208,-35.1642900,7.11087200,89,89,106),(1280,2208,-35.1642900,7.11087200,89,89,106),(1281,2208,-35.1642500,7.11332800,90,87,105),(1282,2208,-35.1642500,7.11332800,90,87,105),(1283,2208,-35.1642700,7.10797300,90,89,106),(1284,2208,-35.1642700,7.10797300,90,89,106),(1285,2208,-35.1642600,7.12229800,90,93,104),(1286,2208,-35.1642600,7.12229800,90,93,104),(1287,2208,-35.1642500,7.12828500,90,89,100),(1288,2208,-35.1642500,7.12828500,90,89,100),(1289,2208,-35.1642500,7.12477500,90,87,104),(1290,2208,-35.1642500,7.12477500,90,87,104),(1291,2208,-35.1642500,7.12996300,91,88,102),(1292,2208,-35.1642500,7.12996300,91,88,102),(1293,2134,-25.2333000,-30.43401000,275,274,137),(1294,2134,-25.2333000,-30.43401000,275,274,137),(1295,2134,-25.2338600,-30.42837000,275,277,138),(1296,2134,-25.2338600,-30.42837000,275,277,138),(1297,2134,-25.2326600,-30.44093000,275,277,138),(1298,2134,-25.2326600,-30.44093000,275,277,138),(1299,2134,-25.2329700,-30.43750000,275,276,138),(1300,2134,-25.2329700,-30.43750000,275,276,138),(1301,2134,-25.2314300,-30.45345000,275,276,139),(1302,2134,-25.2314300,-30.45345000,275,276,139),(1303,2134,-25.2307400,-30.46055000,275,272,138),(1304,2134,-25.2307400,-30.46055000,275,272,138),(1305,2134,-25.2310500,-30.45717000,275,279,138),(1306,2134,-25.2310500,-30.45717000,275,279,138),(1307,2134,-25.2297700,-30.47070000,275,277,140),(1308,2134,-25.2297700,-30.47070000,275,277,140),(1309,2134,-25.2301800,-30.46646000,275,274,139),(1310,2134,-25.2301800,-30.46646000,275,274,139),(1311,2134,-25.2304900,-30.46307000,275,275,139),(1312,2134,-25.2304900,-30.46307000,275,275,139),(1313,2134,-25.2288100,-30.48004000,275,282,141),(1314,2134,-25.2288100,-30.48004000,275,282,141),(1315,2134,-25.2292100,-30.47621000,275,277,141),(1316,2134,-25.2292100,-30.47621000,275,277,141),(1317,2134,-25.2283500,-30.48462000,275,279,139),(1318,2134,-25.2283500,-30.48462000,275,279,139),(1319,2134,-25.2279400,-30.48891000,275,275,138),(1320,2134,-25.2279400,-30.48891000,275,275,138),(1321,2142,12.4330600,61.33104000,114,112,110),(1322,2142,12.4330600,61.33104000,114,112,110),(1323,2146,-40.0001100,-17.71647000,89,89,131),(1324,2146,-40.0001100,-17.71647000,89,89,131),(1325,2146,-40.0000900,-17.72123000,89,90,130),(1326,2146,-40.0000900,-17.72123000,89,90,130),(1327,2146,-40.0001000,-17.71338000,90,91,131),(1328,2146,-40.0001000,-17.71338000,90,91,131),(1329,2146,-40.0001600,-17.70696000,90,90,131),(1330,2146,-40.0001600,-17.70696000,90,90,131),(1331,2146,-40.0001800,-17.69201000,89,89,131),(1332,2146,-40.0001800,-17.69201000,89,89,131),(1333,2146,-40.0001500,-17.68646000,90,90,131),(1334,2146,-40.0001500,-17.68646000,90,90,131),(1335,2146,-40.0001400,-17.65765000,90,90,132),(1336,2146,-40.0001400,-17.65765000,90,90,132),(1337,2146,-40.0001300,-17.65446000,89,92,132),(1338,2146,-40.0001300,-17.65446000,89,92,132),(1339,2146,-40.0001700,-17.66569000,89,88,132),(1340,2146,-40.0001700,-17.66569000,89,88,132),(1341,2146,-40.0002000,-17.66880000,89,90,132),(1342,2146,-40.0002000,-17.66880000,89,90,132),(1343,2146,-40.0001700,-17.68168000,89,89,132),(1344,2146,-40.0001700,-17.68168000,89,89,132),(1345,2146,-40.0001700,-17.67920000,89,88,132),(1346,2146,-40.0001700,-17.67920000,89,88,132),(1347,2146,-40.0001900,-17.67200000,89,90,133),(1348,2146,-40.0001900,-17.67200000,89,90,133),(1349,2108,47.4864800,162.25800000,61,62,92),(1350,2108,47.4864800,162.25800000,61,62,92),(1351,2108,47.4818400,162.24680000,60,56,95),(1352,2108,47.4818400,162.24680000,60,56,95),(1353,2108,47.4891300,162.26460000,60,56,95),(1354,2108,47.4891300,162.26460000,60,56,95),(1355,2167,-0.2494467,144.75470000,156,149,115),(1356,2167,-0.2494467,144.75470000,156,149,115),(1357,2167,-0.2550483,144.75780000,156,152,114),(1358,2167,-0.2550483,144.75780000,156,152,114),(1359,2167,-0.2400250,144.74960000,156,152,114),(1360,2167,-0.2400250,144.74960000,156,152,114),(1361,2167,-0.2214467,144.73960000,155,152,113),(1362,2167,-0.2214467,144.73960000,155,152,113),(1363,2167,-0.2232867,144.74060000,156,152,113),(1364,2167,-0.2232867,144.74060000,156,152,113),(1365,2167,-0.2274200,144.74280000,156,151,113),(1366,2167,-0.2274200,144.74280000,156,151,113),(1367,2169,23.8106800,119.83220000,324,328,127),(1368,2169,23.8106800,119.83220000,324,328,127),(1369,2169,23.8267700,119.82280000,334,336,127),(1370,2169,23.8267700,119.82280000,334,336,127),(1371,2214,36.5618500,-34.62409000,190,195,90),(1372,2214,36.5618500,-34.62409000,190,195,90),(1373,2214,36.5594300,-34.62482000,190,194,93),(1374,2214,36.5594300,-34.62482000,190,194,93),(1375,2214,36.5526100,-34.62648000,188,186,87),(1376,2214,36.5526100,-34.62648000,188,186,87),(1377,2214,36.5458200,-34.62831000,191,186,90),(1378,2214,36.5458200,-34.62831000,191,186,90),(1379,2214,36.5364600,-34.63097000,191,197,90),(1380,2214,36.5364600,-34.63097000,191,197,90),(1381,2214,36.5380200,-34.63042000,194,186,92),(1382,2214,36.5380200,-34.63042000,194,186,92),(1383,2214,36.5409400,-34.62973000,189,186,93),(1384,2214,36.5409400,-34.62973000,189,186,93),(1385,2234,5.8625170,-79.80875000,19,17,127),(1386,2234,5.8625170,-79.80875000,19,17,127),(1387,2234,5.8603170,-79.80943000,19,17,127),(1388,2234,5.8603170,-79.80943000,19,17,127),(1389,2234,5.8664830,-79.80748000,19,18,125),(1390,2234,5.8664830,-79.80748000,19,18,125),(1391,2234,5.8952670,-79.79842000,19,17,125),(1392,2234,5.8952670,-79.79842000,19,17,125),(1393,2234,5.8913000,-79.79964000,19,17,124),(1394,2234,5.8913000,-79.79964000,19,17,124),(1395,2236,47.9423200,-6.79669300,208,209,124),(1396,2236,47.9423200,-6.79669300,208,209,124),(1397,2255,48.9884200,-68.12533000,227,218,86),(1398,2255,48.9884200,-68.12533000,227,218,86),(1399,2258,17.7028300,-76.55196000,86,83,133),(1400,2258,17.7028300,-76.55196000,86,83,133),(1401,2258,17.7024000,-76.55707000,88,83,133),(1402,2258,17.7024000,-76.55707000,88,83,133),(1403,2258,17.7033600,-76.54717000,83,82,133),(1404,2258,17.7033600,-76.54717000,83,82,133),(1405,2258,17.7040600,-76.54234000,82,81,134),(1406,2258,17.7040600,-76.54234000,82,81,134),(1407,2258,17.7018700,-76.56119000,84,81,132),(1408,2258,17.7018700,-76.56119000,84,81,132),(1409,2258,17.7011400,-76.56615000,83,82,132),(1410,2258,17.7011400,-76.56615000,83,82,132),(1411,2258,17.7007000,-76.57004000,86,84,131),(1412,2258,17.7007000,-76.57004000,86,84,131),(1413,2258,17.7061600,-76.52803000,86,83,134),(1414,2258,17.7061600,-76.52803000,86,83,134),(1415,2258,17.7066000,-76.52371000,85,83,135),(1416,2258,17.7066000,-76.52371000,85,83,135),(1417,2258,17.7047600,-76.53806000,82,79,135),(1418,2258,17.7047600,-76.53806000,82,79,135),(1419,2258,17.7053500,-76.53442000,84,81,135),(1420,2258,17.7053500,-76.53442000,84,81,135),(1421,2259,48.9526500,-5.66736700,236,236,120),(1422,2259,48.9526500,-5.66736700,236,236,120),(1423,2259,48.9545700,-5.66265000,235,239,120),(1424,2259,48.9545700,-5.66265000,235,239,120),(1425,2259,48.9478800,-5.67861700,236,236,120),(1426,2259,48.9478800,-5.67861700,236,236,120),(1427,2259,48.9500800,-5.67341700,236,237,119),(1428,2259,48.9500800,-5.67341700,236,237,119),(1429,2259,48.9454700,-5.68445000,236,243,118),(1430,2259,48.9454700,-5.68445000,236,243,118),(1431,2259,48.9687700,-5.62831700,236,238,119),(1432,2259,48.9687700,-5.62831700,236,238,119),(1433,2259,48.9667000,-5.63325000,236,238,118),(1434,2259,48.9667000,-5.63325000,236,238,118),(1435,2259,48.9649000,-5.63768300,235,237,118),(1436,2259,48.9649000,-5.63768300,235,237,118),(1437,2259,48.9565700,-5.65781700,236,238,119),(1438,2259,48.9565700,-5.65781700,236,238,119),(1439,2259,48.9585700,-5.65295000,236,235,120),(1440,2259,48.9585700,-5.65295000,236,235,120),(1441,2259,48.9630900,-5.64211700,236,238,120),(1442,2259,48.9630900,-5.64211700,236,238,120),(1443,2259,48.9610700,-5.64700000,235,238,120),(1444,2259,48.9610700,-5.64700000,235,238,120),(1445,2273,-24.9200000,-42.55917000,200,233,66),(1446,2273,-24.9200000,-42.55917000,200,233,66),(1447,2273,-24.9208300,-42.56017000,188,227,68),(1448,2273,-24.9208300,-42.56017000,188,227,68),(1449,2273,-24.9215000,-42.56083000,179,218,64),(1450,2273,-24.9215000,-42.56083000,179,218,64),(1451,2273,-24.9195000,-42.55800000,213,239,66),(1452,2273,-24.9195000,-42.55800000,213,239,66),(1453,2273,-24.9188300,-42.55684000,221,241,65),(1454,2273,-24.9188300,-42.55684000,221,241,65),(1455,2273,-24.9168300,-42.55400000,218,237,45),(1456,2273,-24.9168300,-42.55400000,218,237,45),(1457,2273,-24.9128300,-42.55033000,189,208,31),(1458,2273,-24.9128300,-42.55033000,189,208,31),(1459,2273,-24.9135000,-42.55067000,192,220,37),(1460,2273,-24.9135000,-42.55067000,192,220,37),(1461,2273,-24.9146700,-42.55167000,203,223,39),(1462,2273,-24.9146700,-42.55167000,203,223,39),(1463,2273,-24.9155000,-42.55217000,213,208,37),(1464,2273,-24.9155000,-42.55217000,213,208,37),(1465,2273,-24.9108300,-42.54984000,154,163,19),(1466,2273,-24.9108300,-42.54984000,154,163,19),(1467,2273,-24.9096700,-42.55000000,144,193,24),(1468,2273,-24.9096700,-42.55000000,144,193,24),(1469,2300,-34.9891800,0.70534500,271,270,112),(1470,2300,-34.9891800,0.70534500,271,270,112),(1471,2300,-34.9891900,0.70655000,271,270,112),(1472,2300,-34.9891900,0.70655000,271,270,112),(1473,2300,-34.9892200,0.71421000,272,269,110),(1474,2300,-34.9892200,0.71421000,272,269,110),(1475,2300,-34.9891900,0.71157830,271,270,111),(1476,2300,-34.9891900,0.71157830,271,270,111),(1477,2300,-34.9891900,0.70913330,271,270,111),(1478,2300,-34.9891900,0.70913330,271,270,111),(1479,2300,-34.9892200,0.71968170,271,270,111),(1480,2300,-34.9892200,0.71968170,271,270,111),(1481,2300,-34.9892400,0.72589500,271,270,110),(1482,2300,-34.9892400,0.72589500,271,270,110),(1483,2300,-34.9892700,0.73151170,271,270,111),(1484,2300,-34.9892700,0.73151170,271,270,111),(1485,2300,-34.9893200,0.74022840,271,270,111),(1486,2300,-34.9893200,0.74022840,271,270,111),(1487,2300,-34.9893100,0.73720000,271,270,111),(1488,2300,-34.9893100,0.73720000,271,270,111),(1489,2300,-34.9892900,0.75104500,271,270,111),(1490,2300,-34.9892900,0.75104500,271,270,111),(1491,2300,-34.9892900,0.75350000,271,270,111),(1492,2300,-34.9892900,0.75350000,271,270,111),(1493,2300,-34.9893400,0.75857340,271,270,111),(1494,2300,-34.9893400,0.75857340,271,270,111),(1495,2300,-34.9893300,0.75607500,271,270,111),(1496,2300,-34.9893300,0.75607500,271,270,111),(1497,2300,-34.9893200,0.74846000,271,269,112),(1498,2300,-34.9893200,0.74846000,271,269,112),(1499,2300,-34.9893300,0.74474670,271,269,112),(1500,2300,-34.9893300,0.74474670,271,269,112),(1501,2305,40.7240300,28.89669000,156,240,7),(1502,2305,40.7240300,28.89669000,156,240,7),(1503,2305,40.7242600,28.89721000,157,241,8),(1504,2305,40.7242600,28.89721000,157,241,8),(1505,2305,40.7245400,28.89790000,157,242,7),(1506,2305,40.7245400,28.89790000,157,242,7),(1507,2305,40.7247200,28.89834000,151,239,6),(1508,2305,40.7247200,28.89834000,151,239,6),(1509,2305,40.7251500,28.89930000,134,239,6),(1510,2305,40.7251500,28.89930000,134,239,6),(1511,2305,40.7249100,28.89875000,144,239,6),(1512,2305,40.7249100,28.89875000,144,239,6),(1513,2310,21.1610000,38.66659000,146,145,111),(1514,2310,21.1610000,38.66659000,146,145,111),(1515,2310,21.1633300,38.66333000,146,146,110),(1516,2310,21.1633300,38.66333000,146,146,110),(1517,2310,21.1571800,38.66936000,146,145,112),(1518,2310,21.1571800,38.66936000,146,145,112),(1519,2310,21.1316700,38.68500000,146,147,110),(1520,2310,21.1316700,38.68500000,146,147,110),(1521,2353,24.6582000,67.12999000,203,202,129),(1522,2353,24.6582000,67.12999000,203,202,129),(1523,2353,24.6729000,67.13727000,205,207,128),(1524,2353,24.6729000,67.13727000,205,207,128),(1525,2353,24.6694700,67.13538000,204,206,129),(1526,2353,24.6694700,67.13538000,204,206,129),(1527,2353,24.6660900,67.13361000,204,204,130),(1528,2353,24.6660900,67.13361000,204,204,130),(1529,2353,24.6620100,67.13168000,203,203,129),(1530,2353,24.6620100,67.13168000,203,203,129),(1531,2353,24.6799900,67.14058000,193,187,126),(1532,2353,24.6799900,67.14058000,193,187,126),(1533,2353,24.6762000,67.13923000,206,204,126),(1534,2353,24.6762000,67.13923000,206,204,126),(1535,2353,24.6834600,67.14130000,190,190,127),(1536,2353,24.6834600,67.14130000,190,190,127),(1537,2353,24.6875100,67.14197000,189,189,127),(1538,2353,24.6875100,67.14197000,189,189,127),(1539,2284,24.4572300,57.90747000,123,123,136),(1540,2284,24.4572300,57.90747000,123,123,136),(1541,2284,24.4252800,57.96107000,123,122,135),(1542,2284,24.4252800,57.96107000,123,122,135),(1543,2409,49.6843800,-4.48862800,84,82,80),(1544,2409,49.6843800,-4.48862800,84,82,80),(1545,2409,49.6836400,-4.49763800,84,83,81),(1546,2409,49.6836400,-4.49763800,84,83,81),(1547,2409,49.6840300,-4.49301500,84,82,81),(1548,2409,49.6840300,-4.49301500,84,82,81),(1549,2409,49.6856000,-4.47361200,84,83,82),(1550,2409,49.6856000,-4.47361200,84,83,82),(1551,2409,49.6852900,-4.47725300,84,83,81),(1552,2409,49.6852900,-4.47725300,84,83,81),(1553,2409,49.6847200,-4.48440500,84,82,81),(1554,2409,49.6847200,-4.48440500,84,82,81),(1555,2409,49.6849800,-4.48093800,84,83,81),(1556,2409,49.6849800,-4.48093800,84,83,81),(1557,2409,49.6873900,-4.45069000,84,83,82),(1558,2409,49.6873900,-4.45069000,84,83,82),(1559,2409,49.6871200,-4.45425200,84,83,82),(1560,2409,49.6871200,-4.45425200,84,83,82),(1561,2409,49.6868600,-4.45775300,84,82,82),(1562,2409,49.6868600,-4.45775300,84,82,82),(1563,2409,49.6859300,-4.46954700,84,82,82),(1564,2409,49.6859300,-4.46954700,84,82,82),(1565,2409,49.6862900,-4.46525300,85,81,82),(1566,2409,49.6862900,-4.46525300,85,81,82),(1567,2409,49.6865700,-4.46159500,85,83,82),(1568,2409,49.6865700,-4.46159500,85,83,82),(1569,2436,17.4774900,-20.41051000,29,26,123),(1570,2436,17.4774900,-20.41051000,29,26,123),(1571,2436,17.4814500,-20.40843000,29,27,122),(1572,2436,17.4814500,-20.40843000,29,27,122),(1573,2436,17.4683000,-20.41515000,28,26,122),(1574,2436,17.4683000,-20.41515000,28,26,122),(1575,2436,17.4739100,-20.41233000,28,25,122),(1576,2436,17.4739100,-20.41233000,28,25,122),(1577,2436,17.4523000,-20.42417000,33,31,123),(1578,2436,17.4523000,-20.42417000,33,31,123),(1579,2436,17.4557100,-20.42208000,31,28,122),(1580,2436,17.4557100,-20.42208000,31,28,122),(1581,2436,17.4631700,-20.41790000,30,27,122),(1582,2436,17.4631700,-20.41790000,30,27,122),(1583,2436,17.4596600,-20.41983000,30,28,121),(1584,2436,17.4596600,-20.41983000,30,28,121),(1585,2436,17.4423500,-20.43008000,32,28,124),(1586,2436,17.4423500,-20.43008000,32,28,124),(1587,2436,17.4463000,-20.42779000,32,28,123),(1588,2436,17.4463000,-20.42779000,32,28,123),(1589,2450,59.0493000,5.86966700,182,184,104),(1590,2450,59.0493000,5.86966700,182,184,104),(1591,2450,59.0521900,5.87009700,182,184,104),(1592,2450,59.0521900,5.87009700,182,184,104),(1593,2450,59.0550800,5.87054200,182,184,104),(1594,2450,59.0550800,5.87054200,182,184,104),(1595,2450,59.0579500,5.87102700,182,184,103),(1596,2450,59.0579500,5.87102700,182,184,103),(1597,2450,59.0398600,5.86752300,185,187,104),(1598,2450,59.0398600,5.86752300,185,187,104),(1599,2450,59.0365100,5.86663700,188,189,104),(1600,2450,59.0365100,5.86663700,188,189,104),(1601,2450,59.0460600,5.86913000,184,185,104),(1602,2450,59.0460600,5.86913000,184,185,104),(1603,2450,59.0432100,5.86845800,186,187,104),(1604,2450,59.0432100,5.86845800,186,187,104),(1605,2450,59.0208200,5.86162200,187,189,105),(1606,2450,59.0208200,5.86162200,187,189,105),(1607,2450,59.0237000,5.86253200,188,189,105),(1608,2450,59.0237000,5.86253200,188,189,105),(1609,2450,59.0265700,5.86340300,188,189,104),(1610,2450,59.0265700,5.86340300,188,189,104),(1611,2450,59.0331900,5.86561700,188,188,104),(1612,2450,59.0331900,5.86561700,188,188,104),(1613,2450,59.0298900,5.86448800,189,190,104),(1614,2450,59.0298900,5.86448800,189,190,104),(1615,2450,59.0174100,5.86050200,188,190,105),(1616,2450,59.0174100,5.86050200,188,190,105),(1617,2457,-15.7223700,2.38011800,323,322,130),(1618,2457,-15.7223700,2.38011800,323,322,130),(1619,2457,-15.7204700,2.37860800,323,322,129),(1620,2457,-15.7204700,2.37860800,323,322,129),(1621,2457,-15.7237900,2.38125300,323,322,129),(1622,2457,-15.7237900,2.38125300,323,322,129),(1623,2457,-15.7176600,2.37635800,323,322,130),(1624,2457,-15.7176600,2.37635800,323,322,130),(1625,2457,-15.7390200,2.39340300,323,322,129),(1626,2457,-15.7390200,2.39340300,323,322,129),(1627,2457,-15.7337300,2.38924500,323,322,129),(1628,2457,-15.7337300,2.38924500,323,322,129),(1629,2457,-15.7318800,2.38776000,323,321,129),(1630,2457,-15.7318800,2.38776000,323,321,129),(1631,2457,-15.7499500,2.40199800,323,322,128),(1632,2457,-15.7499500,2.40199800,323,322,128),(1633,2457,-15.7467000,2.39941300,323,322,128),(1634,2457,-15.7467000,2.39941300,323,322,128),(1635,2457,-15.7433300,2.39676500,323,322,129),(1636,2457,-15.7433300,2.39676500,323,322,129),(1637,2393,44.3821300,37.86138000,85,326,14),(1638,2393,44.3821300,37.86138000,85,326,14),(1639,2393,44.3811300,37.86233000,79,322,14),(1640,2393,44.3811300,37.86233000,79,322,14),(1641,2393,44.3832800,37.86055000,82,339,14),(1642,2393,44.3832800,37.86055000,82,339,14),(1643,2393,44.3848500,37.85990000,96,345,14),(1644,2393,44.3848500,37.85990000,96,345,14),(1645,2466,-41.5199700,-73.03745000,147,240,0),(1646,2466,-41.5199700,-73.03745000,147,240,0),(1647,2466,-41.5199300,-73.03743000,147,226,0),(1648,2466,-41.5199300,-73.03743000,147,226,0),(1649,2466,-41.5199500,-73.03743000,147,285,0),(1650,2466,-41.5199500,-73.03743000,147,285,0),(1651,2466,-41.5199500,-73.03747000,147,351,0),(1652,2466,-41.5199500,-73.03747000,147,351,0),(1653,2466,-41.5199500,-73.03747000,147,26,0),(1654,2466,-41.5199500,-73.03747000,147,26,0),(1655,2466,-41.5199700,-73.03747000,147,32,0),(1656,2466,-41.5199700,-73.03747000,147,32,0),(1657,2478,-34.9054600,20.42711000,83,77,96),(1658,2478,-34.9054600,20.42711000,83,77,96),(1659,2478,-34.9056300,20.42607000,82,76,96),(1660,2478,-34.9056300,20.42607000,82,76,96),(1661,2478,-34.9060700,20.42392000,81,76,96),(1662,2478,-34.9060700,20.42392000,81,76,96),(1663,2478,-34.9042000,20.43497000,82,79,95),(1664,2478,-34.9042000,20.43497000,82,79,95),(1665,2478,-34.9047800,20.43125000,83,79,96),(1666,2478,-34.9047800,20.43125000,83,79,96),(1667,2478,-34.9035100,20.43912000,82,78,95),(1668,2478,-34.9035100,20.43912000,82,78,95),(1669,2478,-34.9035100,20.43912000,82,78,95),(1670,2478,-34.9035100,20.43912000,82,78,95),(1671,2478,-34.9079200,20.41337000,82,78,96),(1672,2478,-34.9079200,20.41337000,82,78,96),(1673,2478,-34.9088700,20.40801000,81,77,97),(1674,2478,-34.9088700,20.40801000,81,77,97),(1675,2478,-34.9084900,20.41019000,81,77,97),(1676,2478,-34.9084900,20.41019000,81,77,97),(1677,2478,-34.9075700,20.41550000,81,78,96),(1678,2478,-34.9075700,20.41550000,81,78,96),(1679,2478,-34.9072400,20.41756000,81,78,96),(1680,2478,-34.9072400,20.41756000,81,78,96),(1681,2478,-34.9066800,20.42081000,79,77,97),(1682,2478,-34.9066800,20.42081000,79,77,97),(1683,2478,-34.9092600,20.40594000,81,78,97),(1684,2478,-34.9092600,20.40594000,81,78,97),(1685,2478,-34.9097500,20.40325000,81,77,96),(1686,2478,-34.9097500,20.40325000,81,77,96),(1687,2478,-34.9112900,20.39417000,81,78,97),(1688,2478,-34.9112900,20.39417000,81,78,97),(1689,2478,-34.9102100,20.40058000,81,77,96),(1690,2478,-34.9102100,20.40058000,81,77,96),(1691,2505,18.9500500,58.84920000,207,209,146),(1692,2505,18.9500500,58.84920000,207,209,146),(1693,2507,12.0916700,85.51167000,33,29,140),(1694,2507,12.0916700,85.51167000,33,29,140),(1695,2507,12.0716700,85.50000000,33,29,140),(1696,2507,12.0716700,85.50000000,33,29,140),(1697,2507,12.0500000,85.48666000,33,32,140),(1698,2507,12.0500000,85.48666000,33,32,140),(1699,2510,37.7407700,-9.66713600,347,347,130),(1700,2510,37.7407700,-9.66713600,347,347,130),(1701,2510,37.7454500,-9.66848500,347,347,130),(1702,2510,37.7454500,-9.66848500,347,347,130),(1703,2510,37.7502100,-9.66981500,346,347,130),(1704,2510,37.7502100,-9.66981500,346,347,130),(1705,2510,37.7595700,-9.67252000,347,347,131),(1706,2510,37.7595700,-9.67252000,347,347,131),(1707,2510,37.7548400,-9.67117000,347,346,130),(1708,2510,37.7548400,-9.67117000,347,346,130),(1709,2510,37.7684100,-9.67507000,346,346,131),(1710,2510,37.7684100,-9.67507000,346,346,131),(1711,2510,37.7642800,-9.67386500,346,347,130),(1712,2510,37.7642800,-9.67386500,346,347,130),(1713,2510,37.7864300,-9.68120200,347,344,129),(1714,2510,37.7864300,-9.68120200,347,344,129),(1715,2510,37.7824900,-9.67973800,346,343,129),(1716,2510,37.7824900,-9.67973800,346,343,129),(1717,2510,37.7790100,-9.67844700,345,343,130),(1718,2510,37.7790100,-9.67844700,345,343,130),(1719,2510,37.7732000,-9.67648100,347,347,131),(1720,2510,37.7732000,-9.67648100,347,347,131),(1721,2510,37.7921600,-9.68311100,347,344,129),(1722,2510,37.7921600,-9.68311100,347,344,129),(1723,2521,43.7917100,-8.08410000,67,69,71),(1724,2521,43.7917100,-8.08410000,67,69,71),(1725,2521,43.7907400,-8.08758800,68,69,74),(1726,2521,43.7907400,-8.08758800,68,69,74),(1727,2521,43.7926200,-8.08111200,68,68,61),(1728,2521,43.7926200,-8.08111200,68,68,61),(1729,2521,43.7950900,-8.07310500,67,64,70),(1730,2521,43.7950900,-8.07310500,67,64,70),(1731,2521,43.7960500,-8.07018700,69,65,69),(1732,2521,43.7960500,-8.07018700,69,65,69),(1733,2521,43.7934700,-8.07852500,68,64,66),(1734,2521,43.7934700,-8.07852500,68,64,66),(1735,2521,43.7942400,-8.07586700,69,69,65),(1736,2521,43.7942400,-8.07586700,69,69,65),(1737,2521,43.7977000,-8.06417800,66,69,64),(1738,2521,43.7977000,-8.06417800,66,69,64),(1739,2521,43.7970400,-8.06680900,69,67,72),(1740,2521,43.7970400,-8.06680900,69,67,72),(1741,2521,43.7995100,-8.05864600,66,64,71),(1742,2521,43.7995100,-8.05864600,66,64,71),(1743,2521,43.7985900,-8.06143200,65,66,68),(1744,2521,43.7985900,-8.06143200,65,66,68),(1745,2521,43.8006200,-8.05522600,66,66,75),(1746,2521,43.8006200,-8.05522600,66,66,75),(1747,2526,11.9015300,-68.61842000,254,257,133),(1748,2526,11.9015300,-68.61842000,254,257,133),(1749,2526,11.9065700,-68.60580000,234,238,131),(1750,2526,11.9065700,-68.60580000,234,238,131),(1751,2526,11.9093500,-68.60172000,227,232,130),(1752,2526,11.9093500,-68.60172000,227,232,130),(1753,2526,11.9045700,-68.60957000,240,244,131),(1754,2526,11.9045700,-68.60957000,240,244,131),(1755,2526,11.9025000,-68.61478000,248,252,132),(1756,2526,11.9025000,-68.61478000,248,252,132),(1757,2526,11.9221670,-68.59032000,209,216,126),(1758,2526,11.9221670,-68.59032000,209,216,126),(1759,2526,11.9120500,-68.59855000,220,225,128),(1760,2526,11.9120500,-68.59855000,220,225,128),(1761,2526,11.9151000,-68.59568000,213,220,127),(1762,2526,11.9151000,-68.59568000,213,220,127),(1763,2526,11.9293500,-68.58503000,209,216,127),(1764,2526,11.9293500,-68.58503000,209,216,127),(1765,2526,11.9331000,-68.58227000,209,215,125),(1766,2526,11.9331000,-68.58227000,209,215,125),(1767,2526,11.9236000,-68.58928000,209,215,126),(1768,2526,11.9236000,-68.58928000,209,215,126),(1769,2526,11.9264500,-68.58719000,209,215,126),(1770,2526,11.9264500,-68.58719000,209,215,126),(1771,2529,51.8112700,4.88323000,135,135,0),(1772,2529,51.8112700,4.88323000,135,135,0),(1773,2529,51.8112600,4.88323000,135,135,0),(1774,2529,51.8112600,4.88323000,135,135,0),(1775,2529,51.8112600,4.88323500,135,135,0),(1776,2529,51.8112600,4.88323500,135,135,0),(1777,2529,51.8112500,4.88323400,135,135,0),(1778,2529,51.8112500,4.88323400,135,135,0),(1779,2529,51.8112500,4.88323200,135,135,0),(1780,2529,51.8112500,4.88323200,135,135,0),(1781,2550,44.9547900,14.10498000,147,191,1),(1782,2550,44.9547900,14.10498000,147,191,1),(1783,2550,44.9545500,14.10521000,150,125,5),(1784,2550,44.9545500,14.10521000,150,125,5),(1785,2550,44.9547900,14.10564000,116,224,3),(1786,2550,44.9547900,14.10564000,116,224,3),(1787,2550,44.9550900,14.10510000,57,134,5),(1788,2550,44.9550900,14.10510000,57,134,5),(1789,2550,44.9549400,14.10571000,81,101,10),(1790,2550,44.9549400,14.10571000,81,101,10),(1791,2552,37.9608500,23.57097000,3,3,0),(1792,2552,37.9608500,23.57097000,3,3,0),(1793,2552,37.9608700,23.57096000,3,3,0),(1794,2552,37.9608700,23.57096000,3,3,0),(1795,2552,37.9608700,23.57097000,3,3,0),(1796,2552,37.9608700,23.57097000,3,3,0),(1797,2601,22.9950000,119.06330000,157,174,120),(1798,2601,22.9950000,119.06330000,157,174,120),(1799,2610,17.9100200,-80.91093000,316,315,120),(1800,2610,17.9100200,-80.91093000,316,315,120),(1801,2614,-12.6524400,51.08641000,318,319,94),(1802,2614,-12.6524400,51.08641000,318,319,94),(1803,2614,-12.6509400,51.08511000,319,319,93),(1804,2614,-12.6509400,51.08511000,319,319,93),(1805,2614,-12.6413800,51.07697000,319,320,92),(1806,2614,-12.6413800,51.07697000,319,320,92),(1807,2614,-12.6430200,51.07836000,319,320,93),(1808,2614,-12.6430200,51.07836000,319,320,93),(1809,2614,-12.6457100,51.08067000,319,320,92),(1810,2614,-12.6457100,51.08067000,319,320,92),(1811,2614,-12.6446400,51.07976000,319,319,93),(1812,2614,-12.6446400,51.07976000,319,319,93),(1813,2614,-12.6286700,51.06640000,319,321,93),(1814,2614,-12.6286700,51.06640000,319,321,93),(1815,2617,40.8317500,1.45586300,110,139,45),(1816,2617,40.8317500,1.45586300,110,139,45),(1817,2617,40.8350900,1.45124700,109,132,48),(1818,2617,40.8350900,1.45124700,109,132,48),(1819,2617,40.8361700,1.44976000,109,135,48),(1820,2617,40.8361700,1.44976000,109,135,48),(1821,2617,40.8338800,1.45301700,106,129,47),(1822,2617,40.8338800,1.45301700,106,129,47),(1823,2617,40.8329200,1.45437800,106,132,43),(1824,2617,40.8329200,1.45437800,106,132,43),(1825,2617,40.8384900,1.44684000,110,133,45),(1826,2617,40.8384900,1.44684000,110,133,45),(1827,2617,40.8395200,1.44551700,110,140,45),(1828,2617,40.8395200,1.44551700,110,140,45),(1829,2617,40.8372600,1.44835700,110,135,46),(1830,2617,40.8372600,1.44835700,110,135,46),(1831,2617,40.8419300,1.44246500,110,134,44),(1832,2617,40.8419300,1.44246500,110,134,44),(1833,2617,40.8407400,1.44404000,110,136,47),(1834,2617,40.8407400,1.44404000,110,136,47),(1835,2617,40.8430100,1.44111800,110,134,44),(1836,2617,40.8430100,1.44111800,110,134,44),(1837,2627,41.7466500,142.69940000,84,83,175),(1838,2627,41.7466500,142.69940000,84,83,175),(1839,2627,41.7461300,142.69300000,84,84,174),(1840,2627,41.7461300,142.69300000,84,84,174),(1841,2629,52.7547700,3.70570000,220,221,115),(1842,2629,52.7547700,3.70570000,220,221,115),(1843,2629,52.7571700,3.70913300,220,221,115),(1844,2629,52.7571700,3.70913300,220,221,115),(1845,2629,52.7596300,3.71265000,220,221,116),(1846,2629,52.7596300,3.71265000,220,221,116),(1847,2629,52.7705000,3.72840000,220,221,115),(1848,2629,52.7705000,3.72840000,220,221,115),(1849,2629,52.7668800,3.72318300,220,221,115),(1850,2629,52.7668800,3.72318300,220,221,115),(1851,2629,52.7619800,3.71606700,220,221,115),(1852,2629,52.7619800,3.71606700,220,221,115),(1853,2629,52.7644500,3.71968300,220,221,115),(1854,2629,52.7644500,3.71968300,220,221,115),(1855,2629,52.7784800,3.74005000,220,221,111),(1856,2629,52.7784800,3.74005000,220,221,111),(1857,2629,52.7811700,3.74393300,220,221,111),(1858,2629,52.7811700,3.74393300,220,221,111),(1859,2629,52.7749500,3.73488300,220,221,113),(1860,2629,52.7749500,3.73488300,220,221,113),(1861,2630,26.8855000,-91.50159000,319,316,168),(1862,2630,26.8855000,-91.50159000,319,316,168),(1863,2634,-29.2337200,-36.29121000,113,112,132),(1864,2634,-29.2337200,-36.29121000,113,112,132),(1865,2634,-29.2325100,-36.29453000,113,112,132),(1866,2634,-29.2325100,-36.29453000,113,112,132),(1867,2634,-29.2283600,-36.30618000,113,113,132),(1868,2634,-29.2283600,-36.30618000,113,113,132),(1869,2634,-29.2297600,-36.30229000,113,110,133),(1870,2634,-29.2297600,-36.30229000,113,110,133),(1871,2634,-29.2309300,-36.29899000,113,110,132),(1872,2634,-29.2309300,-36.29899000,113,110,132),(1873,2634,-29.2348200,-36.28810000,113,111,132),(1874,2634,-29.2348200,-36.28810000,113,111,132),(1875,2634,-29.2364500,-36.28354000,113,112,131),(1876,2634,-29.2364500,-36.28354000,113,112,131),(1877,2634,-29.2243500,-36.31716000,113,112,133),(1878,2634,-29.2243500,-36.31716000,113,112,133),(1879,2634,-29.2224300,-36.32249000,113,112,133),(1880,2634,-29.2224300,-36.32249000,113,112,133),(1881,2634,-29.2255100,-36.31394000,113,111,133),(1882,2634,-29.2255100,-36.31394000,113,111,133),(1883,2634,-29.2269500,-36.31000000,113,112,133),(1884,2634,-29.2269500,-36.31000000,113,112,133),(1885,2634,-29.2198500,-36.32961000,113,113,130),(1886,2634,-29.2198500,-36.32961000,113,113,130),(1887,2634,-29.2187000,-36.33276000,113,111,132),(1888,2634,-29.2187000,-36.33276000,113,111,132),(1889,2634,-29.2163100,-36.33927000,113,111,132),(1890,2634,-29.2163100,-36.33927000,113,111,132),(1891,2634,-29.2177400,-36.33541000,113,113,132),(1892,2634,-29.2177400,-36.33541000,113,113,132),(1893,2640,2.1454830,119.32170000,186,188,124),(1894,2640,2.1454830,119.32170000,186,188,124),(1895,2645,-33.8647300,26.66583000,77,77,112),(1896,2645,-33.8647300,26.66583000,77,77,112),(1897,2645,-33.8653700,26.66214000,77,79,112),(1898,2645,-33.8653700,26.66214000,77,79,112),(1899,2645,-33.8633700,26.67459000,84,85,113),(1900,2645,-33.8633700,26.67459000,84,85,113),(1901,2645,-33.8639200,26.67011000,80,77,113),(1902,2645,-33.8639200,26.67011000,80,77,113),(1903,2645,-33.8663900,26.65351000,81,83,112),(1904,2645,-33.8663900,26.65351000,81,83,112),(1905,2645,-33.8659300,26.65793000,80,82,112),(1906,2645,-33.8659300,26.65793000,80,82,112),(1907,2645,-33.8668300,26.64908000,82,86,112),(1908,2645,-33.8668300,26.64908000,82,86,112),(1909,2645,-33.8671500,26.64470000,84,80,112),(1910,2645,-33.8671500,26.64470000,84,80,112),(1911,2645,-33.8618900,26.68700000,78,78,112),(1912,2645,-33.8618900,26.68700000,78,78,112),(1913,2645,-33.8611200,26.69191000,83,81,113),(1914,2645,-33.8611200,26.69191000,83,81,113),(1915,2645,-33.8624900,26.68320000,78,80,112),(1916,2645,-33.8624900,26.68320000,78,80,112),(1917,2645,-33.8630300,26.67898000,80,83,113),(1918,2645,-33.8630300,26.67898000,80,83,113),(1919,2645,-33.8607200,26.69688000,82,84,113),(1920,2645,-33.8607200,26.69688000,82,84,113),(1921,2671,26.3862800,-78.64098000,294,288,81),(1922,2671,26.3862800,-78.64098000,294,288,81),(1923,2673,-10.5688500,139.77300000,279,279,146),(1924,2673,-10.5688500,139.77300000,279,279,146),(1925,2673,-10.5675200,139.76580000,281,281,145),(1926,2673,-10.5675200,139.76580000,281,281,145),(1927,2673,-10.5699900,139.78000000,279,279,146),(1928,2673,-10.5699900,139.78000000,279,279,146),(1929,2673,-10.5703000,139.78200000,279,279,146),(1930,2673,-10.5703000,139.78200000,279,279,146),(1931,2673,-10.5707100,139.78440000,279,279,146),(1932,2673,-10.5707100,139.78440000,279,279,146),(1933,2673,-10.5720100,139.79220000,279,279,145),(1934,2673,-10.5720100,139.79220000,279,279,145),(1935,2673,-10.5636700,139.74660000,281,281,145),(1936,2673,-10.5636700,139.74660000,281,281,145),(1937,2678,-0.2841150,72.87467000,51,54,121),(1938,2678,-0.2841150,72.87467000,51,54,121),(1939,2692,4.5263880,119.63010000,175,176,123),(1940,2692,4.5263880,119.63010000,175,176,123),(1941,2698,15.1946700,148.33050000,342,337,161),(1942,2698,15.1946700,148.33050000,342,337,161),(1943,2698,15.1850000,148.33450000,342,336,159),(1944,2698,15.1850000,148.33450000,342,336,159),(1945,2698,15.1878700,148.33330000,342,336,160),(1946,2698,15.1878700,148.33330000,342,336,160),(1947,2698,15.2116700,148.32370000,342,336,160),(1948,2698,15.2116700,148.32370000,342,336,160),(1949,2698,15.2146700,148.32230000,342,336,160),(1950,2698,15.2146700,148.32230000,342,336,160),(1951,2698,15.2083300,148.32500000,342,336,162),(1952,2698,15.2083300,148.32500000,342,336,162),(1953,2698,15.2030000,148.32720000,342,337,161),(1954,2698,15.2030000,148.32720000,342,337,161),(1955,2698,15.1983300,148.32900000,342,337,161),(1956,2698,15.1983300,148.32900000,342,337,161),(1957,2698,15.2346700,148.31430000,342,337,160),(1958,2698,15.2346700,148.31430000,342,337,160),(1959,2698,15.2230000,148.31900000,342,337,160),(1960,2698,15.2230000,148.31900000,342,337,160),(1961,2701,-23.7385900,112.23560000,353,348,172),(1962,2701,-23.7385900,112.23560000,353,348,172),(1963,2701,-23.7454800,112.23680000,351,346,167),(1964,2701,-23.7454800,112.23680000,351,346,167),(1965,2701,-23.7338200,112.23480000,353,349,173),(1966,2701,-23.7338200,112.23480000,353,349,173),(1967,2701,-23.7562800,112.23940000,349,349,162),(1968,2701,-23.7562800,112.23940000,349,349,162),(1969,2701,-23.7538200,112.23890000,349,346,163),(1970,2701,-23.7538200,112.23890000,349,346,163),(1971,2701,-23.7487000,112.23760000,348,344,166),(1972,2701,-23.7487000,112.23760000,348,344,166),(1973,2701,-23.7769200,112.24440000,348,343,138),(1974,2701,-23.7769200,112.24440000,348,343,138),(1975,2701,-23.7856700,112.24650000,349,349,136),(1976,2701,-23.7856700,112.24650000,349,349,136),(1977,2701,-23.7711000,112.24290000,349,345,139),(1978,2701,-23.7711000,112.24290000,349,345,139),(1979,2701,-23.7746500,112.24380000,348,346,138),(1980,2701,-23.7746500,112.24380000,348,346,138),(1981,2721,12.2337400,-17.88977000,358,359,121),(1982,2721,12.2337400,-17.88977000,358,359,121),(1983,2721,12.2383400,-17.89000000,358,357,122),(1984,2721,12.2383400,-17.89000000,358,357,122),(1985,2721,12.2286200,-17.88950000,358,356,124),(1986,2721,12.2286200,-17.88950000,358,356,124),(1987,2721,12.2479800,-17.89052000,358,357,122),(1988,2721,12.2479800,-17.89052000,358,357,122),(1989,2721,12.2428900,-17.89027000,358,356,123),(1990,2721,12.2428900,-17.89027000,358,356,123),(1991,2721,12.2531000,-17.89082000,358,358,121),(1992,2721,12.2531000,-17.89082000,358,358,121),(1993,2721,12.2656200,-17.89142000,358,358,123),(1994,2721,12.2656200,-17.89142000,358,358,123),(1995,2721,12.2690600,-17.89160000,358,357,120),(1996,2721,12.2690600,-17.89160000,358,357,120),(1997,2721,12.2570200,-17.89102000,358,357,122),(1998,2721,12.2570200,-17.89102000,358,357,122),(1999,2721,12.2610200,-17.89122000,358,356,121),(2000,2721,12.2610200,-17.89122000,358,356,121),(2001,2721,12.2736900,-17.89182000,358,357,123),(2002,2721,12.2736900,-17.89182000,358,357,123),(2003,2741,46.0613100,31.22395000,340,341,111),(2004,2741,46.0613100,31.22395000,340,341,111),(2005,2741,46.0579300,31.22539000,340,343,110),(2006,2741,46.0579300,31.22539000,340,343,110),(2007,2741,46.0646900,31.22240000,337,344,111),(2008,2741,46.0646900,31.22240000,337,344,111),(2009,2741,46.0543700,31.22720000,340,342,111),(2010,2741,46.0543700,31.22720000,340,342,111),(2011,2741,46.0505200,31.22889000,340,343,110),(2012,2741,46.0505200,31.22889000,340,343,110),(2013,2741,46.0465900,31.23075000,340,341,112),(2014,2741,46.0465900,31.23075000,340,341,112),(2015,2741,46.0754900,31.21515000,322,327,105),(2016,2741,46.0754900,31.21515000,322,327,105),(2017,2741,46.0778900,31.21281000,320,324,104),(2018,2741,46.0778900,31.21281000,320,324,104),(2019,2741,46.0802500,31.21017000,320,323,105),(2020,2741,46.0802500,31.21017000,320,323,105),(2021,2741,46.0725800,31.21747000,326,330,105),(2022,2741,46.0725800,31.21747000,326,330,105),(2023,2741,46.0689300,31.22006000,330,334,106),(2024,2741,46.0689300,31.22006000,330,334,106),(2025,2741,46.0825600,31.20756000,320,324,103),(2026,2741,46.0825600,31.20756000,320,324,103),(2027,2754,14.4493800,130.74930000,325,324,104),(2028,2754,14.4493800,130.74930000,325,324,104),(2029,2754,14.4216700,130.77000000,322,318,100),(2030,2754,14.4216700,130.77000000,322,318,100),(2031,2754,14.4283300,130.76500000,322,321,100),(2032,2754,14.4283300,130.76500000,322,321,100),(2033,2754,14.4350000,130.75830000,322,320,100),(2034,2754,14.4350000,130.75830000,322,320,100),(2035,2756,-21.6859200,58.50788000,237,236,95),(2036,2756,-21.6859200,58.50788000,237,236,95),(2037,2756,-21.6873500,58.50552000,237,238,93),(2038,2756,-21.6873500,58.50552000,237,238,93),(2039,2756,-21.6828900,58.51259000,237,236,95),(2040,2756,-21.6828900,58.51259000,237,236,95),(2041,2756,-21.6802400,58.51688000,237,237,96),(2042,2756,-21.6802400,58.51688000,237,237,96),(2043,2756,-21.6812000,58.51531000,237,235,95),(2044,2756,-21.6812000,58.51531000,237,235,95),(2045,2756,-21.6785400,58.51970000,237,237,94),(2046,2756,-21.6785400,58.51970000,237,237,94),(2047,2756,-21.6770800,58.52209000,237,237,97),(2048,2756,-21.6770800,58.52209000,237,237,97),(2049,2756,-21.6916800,58.49846000,236,236,94),(2050,2756,-21.6916800,58.49846000,236,236,94),(2051,2756,-21.6946600,58.49379000,236,235,96),(2052,2756,-21.6946600,58.49379000,236,235,96),(2053,2756,-21.6938900,58.49497000,236,234,94),(2054,2756,-21.6938900,58.49497000,236,234,94),(2055,2756,-21.6902100,58.50080000,236,236,94),(2056,2756,-21.6902100,58.50080000,236,236,94),(2057,2756,-21.6885500,58.50352000,237,237,93),(2058,2756,-21.6885500,58.50352000,237,237,93),(2059,2756,-21.6894900,58.50198000,237,236,94),(2060,2756,-21.6894900,58.50198000,237,236,94),(2061,2756,-21.6964100,58.49107000,237,235,95),(2062,2756,-21.6964100,58.49107000,237,235,95),(2063,2757,-6.7514700,117.68110000,115,115,126),(2064,2757,-6.7514700,117.68110000,115,115,126),(2065,2767,38.5946000,-9.40526000,23,346,2),(2066,2767,38.5946000,-9.40526000,23,346,2),(2067,2767,38.5946900,-9.40542500,15,321,2),(2068,2767,38.5946900,-9.40542500,15,321,2),(2069,2767,38.5946400,-9.40558600,9,267,6),(2070,2767,38.5946400,-9.40558600,9,267,6),(2071,2767,38.5946600,-9.40559000,11,269,5),(2072,2767,38.5946600,-9.40559000,11,269,5),(2073,2767,38.5943100,-9.40692100,353,244,11),(2074,2767,38.5943100,-9.40692100,353,244,11),(2075,2767,38.5945200,-9.40630100,358,244,5),(2076,2767,38.5945200,-9.40630100,358,244,5),(2077,2767,38.5945900,-9.40584900,4,258,6),(2078,2767,38.5945900,-9.40584900,4,258,6),(2079,2785,38.3704900,15.73215000,13,11,113),(2080,2785,38.3704900,15.73215000,13,11,113),(2081,2785,38.3746300,15.73320000,13,10,114),(2082,2785,38.3746300,15.73320000,13,10,114),(2083,2785,38.3652300,15.73083000,13,10,113),(2084,2785,38.3652300,15.73083000,13,10,113),(2085,2785,38.3797300,15.73450000,15,12,113),(2086,2785,38.3797300,15.73450000,15,12,113),(2087,2785,38.3528600,15.72776000,13,11,114),(2088,2785,38.3528600,15.72776000,13,11,114),(2089,2785,38.3486100,15.72666000,13,10,114),(2090,2785,38.3486100,15.72666000,13,10,114),(2091,2785,38.3569700,15.72877000,13,11,114),(2092,2785,38.3569700,15.72877000,13,11,114),(2093,2785,38.3605700,15.72968000,13,11,114),(2094,2785,38.3605700,15.72968000,13,11,114),(2095,2785,38.3413100,15.72472000,13,11,115),(2096,2785,38.3413100,15.72472000,13,11,115),(2097,2785,38.3444500,15.72555000,13,11,115),(2098,2785,38.3444500,15.72555000,13,11,115),(2099,2785,38.3339800,15.72282000,13,12,114),(2100,2785,38.3339800,15.72282000,13,12,114),(2101,2785,38.3371100,15.72365000,13,11,115),(2102,2785,38.3371100,15.72365000,13,11,115),(2103,2789,3.3334420,0.78449670,98,282,8),(2104,2789,3.3334420,0.78449670,98,282,8),(2105,2789,3.3333880,0.78461660,97,282,8),(2106,2789,3.3333880,0.78461660,97,282,8),(2107,2789,3.3335820,0.78397330,99,285,8),(2108,2789,3.3335820,0.78397330,99,285,8),(2109,2789,3.3339080,0.78287330,101,287,8),(2110,2789,3.3339080,0.78287330,101,287,8),(2111,2789,3.3338350,0.78316160,100,288,8),(2112,2789,3.3338350,0.78316160,100,288,8),(2113,2789,3.3336580,0.78370830,99,284,8),(2114,2789,3.3336580,0.78370830,99,284,8),(2115,2789,3.3337420,0.78343160,100,285,8),(2116,2789,3.3337420,0.78343160,100,285,8),(2117,2789,3.3343050,0.78154830,100,283,9),(2118,2789,3.3343050,0.78154830,100,283,9),(2119,2789,3.3340280,0.78256170,101,285,8),(2120,2789,3.3340280,0.78256170,101,285,8),(2121,2789,3.3342370,0.78187500,100,284,9),(2122,2789,3.3342370,0.78187500,100,284,9),(2123,2789,3.3341670,0.78211330,101,285,9),(2124,2789,3.3341670,0.78211330,101,285,9),(2125,2818,-25.8745200,47.42902000,62,60,75),(2126,2818,-25.8745200,47.42902000,62,60,75),(2127,2818,-25.8736500,47.43070000,63,60,75),(2128,2818,-25.8736500,47.43070000,63,60,75),(2129,2818,-25.8729700,47.43207000,63,62,75),(2130,2818,-25.8729700,47.43207000,63,62,75),(2131,2818,-25.8710000,47.43620000,62,61,75),(2132,2818,-25.8710000,47.43620000,62,61,75),(2133,2818,-25.8721300,47.43387000,63,61,75),(2134,2818,-25.8721300,47.43387000,63,61,75),(2135,2818,-25.8700300,47.43820000,62,60,75),(2136,2818,-25.8700300,47.43820000,62,60,75),(2137,2818,-25.8783700,47.42160000,61,60,75),(2138,2818,-25.8783700,47.42160000,61,60,75),(2139,2818,-25.8795700,47.41928000,62,61,75),(2140,2818,-25.8795700,47.41928000,62,61,75),(2141,2818,-25.8790700,47.42027000,61,60,74),(2142,2818,-25.8790700,47.42027000,61,60,74),(2143,2818,-25.8776200,47.42303000,62,59,75),(2144,2818,-25.8776200,47.42303000,62,59,75),(2145,2818,-25.8760800,47.42598000,62,60,75),(2146,2818,-25.8760800,47.42598000,62,60,75),(2147,2818,-25.8836200,47.41130000,61,58,74),(2148,2818,-25.8836200,47.41130000,61,58,74),(2149,2818,-25.8823500,47.41365000,62,60,74),(2150,2818,-25.8823500,47.41365000,62,60,74),(2151,2818,-25.8805300,47.41732000,63,61,73),(2152,2818,-25.8805300,47.41732000,63,61,73),(2153,2818,-25.8813700,47.41558000,63,61,75),(2154,2818,-25.8813700,47.41558000,63,61,75),(2155,2819,53.4514200,-5.20890000,228,192,24),(2156,2819,53.4514200,-5.20890000,228,192,24),(2157,2819,53.4477300,-5.21021700,231,192,24),(2158,2819,53.4477300,-5.21021700,231,192,24),(2159,2819,53.4491300,-5.20971700,230,192,24),(2160,2819,53.4491300,-5.20971700,230,192,24),(2161,2819,53.4432800,-5.21198300,233,194,24),(2162,2819,53.4432800,-5.21198300,233,194,24),(2163,2819,53.4447500,-5.21138300,233,193,24),(2164,2819,53.4447500,-5.21138300,233,193,24),(2165,2819,53.4458700,-5.21095000,232,193,24),(2166,2819,53.4458700,-5.21095000,232,193,24),(2167,2819,53.4468700,-5.21056700,231,193,24),(2168,2819,53.4468700,-5.21056700,231,193,24),(2169,2822,25.3049300,120.63900000,32,31,100),(2170,2822,25.3049300,120.63900000,32,31,100),(2171,2822,25.3085700,120.64140000,32,31,100),(2172,2822,25.3085700,120.64140000,32,31,100),(2173,2822,25.3153700,120.64600000,32,31,100),(2174,2822,25.3153700,120.64600000,32,31,100),(2175,2822,25.3109200,120.64300000,32,31,100),(2176,2822,25.3109200,120.64300000,32,31,100),(2177,2822,25.3189800,120.64850000,32,31,100),(2178,2822,25.3189800,120.64850000,32,31,100),(2179,2822,25.2966300,120.63340000,32,32,100),(2180,2822,25.2966300,120.63340000,32,32,100),(2181,2822,25.3025500,120.63740000,32,31,100),(2182,2822,25.3025500,120.63740000,32,31,100),(2183,2822,25.2997000,120.63550000,32,31,100),(2184,2822,25.2997000,120.63550000,32,31,100),(2185,2822,25.2894700,120.62860000,33,32,100),(2186,2822,25.2894700,120.62860000,33,32,100),(2187,2822,25.2922300,120.63040000,32,30,100),(2188,2822,25.2922300,120.63040000,32,30,100),(2189,2822,25.2870000,120.62690000,33,31,101),(2190,2822,25.2870000,120.62690000,33,31,101),(2191,2822,25.2846300,120.62530000,32,30,101),(2192,2822,25.2846300,120.62530000,32,30,101),(2193,2827,34.4690700,23.52204000,323,323,138),(2194,2827,34.4690700,23.52204000,323,323,138),(2195,2827,34.4800000,23.51000000,323,323,130),(2196,2827,34.4800000,23.51000000,323,323,130),(2197,2827,34.4562000,23.53363000,323,323,138),(2198,2827,34.4562000,23.53363000,323,323,138),(2199,2827,34.4533300,23.53500000,317,323,130),(2200,2827,34.4533300,23.53500000,317,323,130),(2201,2827,34.4614300,23.52893000,323,323,138),(2202,2827,34.4614300,23.52893000,323,323,138),(2203,2827,34.4470700,23.54241000,317,317,139),(2204,2827,34.4470700,23.54241000,317,317,139),(2205,2827,34.4415900,23.54963000,312,310,140),(2206,2827,34.4415900,23.54963000,312,310,140),(2207,2831,-24.2272800,-42.51610000,117,116,108),(2208,2831,-24.2272800,-42.51610000,117,116,108),(2209,2831,-24.2281700,-42.51421000,116,117,108),(2210,2831,-24.2281700,-42.51421000,116,117,108),(2211,2831,-24.2291000,-42.51217000,116,116,108),(2212,2831,-24.2291000,-42.51217000,116,116,108),(2213,2831,-24.2310600,-42.50785000,116,116,107),(2214,2831,-24.2310600,-42.50785000,116,116,107),(2215,2831,-24.2362700,-42.49655000,117,117,108),(2216,2831,-24.2362700,-42.49655000,117,117,108),(2217,2831,-24.2376400,-42.49369000,116,117,108),(2218,2831,-24.2376400,-42.49369000,116,117,108),(2219,2831,-24.2339200,-42.50149000,117,116,108),(2220,2831,-24.2339200,-42.50149000,117,116,108),(2221,2831,-24.2350800,-42.49901000,117,117,108),(2222,2831,-24.2350800,-42.49901000,117,117,108),(2223,2831,-24.2463600,-42.47512000,116,117,109),(2224,2831,-24.2463600,-42.47512000,116,117,109),(2225,2831,-24.2385800,-42.49170000,116,116,109),(2226,2831,-24.2385800,-42.49170000,116,116,109),(2227,2831,-24.2403900,-42.48779000,116,115,109),(2228,2831,-24.2403900,-42.48779000,116,115,109),(2229,2831,-24.2444300,-42.47906000,117,117,109),(2230,2831,-24.2444300,-42.47906000,117,117,109),(2231,2831,-24.2432900,-42.48146000,117,117,109),(2232,2831,-24.2432900,-42.48146000,117,117,109),(2233,2802,16.4040400,55.50977000,290,293,118),(2234,2802,16.4040400,55.50977000,290,293,118),(2235,2802,16.4176600,55.47621000,287,291,118),(2236,2802,16.4176600,55.47621000,287,291,118),(2237,2809,40.2505600,3.46877300,320,325,106),(2238,2809,40.2505600,3.46877300,320,325,106),(2239,2837,20.7636500,-71.34757000,293,292,127),(2240,2837,20.7636500,-71.34757000,293,292,127),(2241,2837,20.7613000,-71.34078000,289,290,118),(2242,2837,20.7613000,-71.34078000,289,290,118),(2243,2838,38.5925600,15.47606000,57,18,4),(2244,2838,38.5925600,15.47606000,57,18,4),(2245,2838,38.5930800,15.47625000,55,20,4),(2246,2838,38.5930800,15.47625000,55,20,4),(2247,2838,38.5935700,15.47642000,53,16,4),(2248,2838,38.5935700,15.47642000,53,16,4),(2249,2841,6.1766670,91.17000000,269,269,150),(2250,2841,6.1766670,91.17000000,269,269,150),(2251,2841,6.1766670,91.19500000,269,269,150),(2252,2841,6.1766670,91.19500000,269,269,150),(2253,2841,6.1766670,91.20834000,269,270,150),(2254,2841,6.1766670,91.20834000,269,270,150),(2255,2841,6.1766670,91.22166000,269,269,150),(2256,2841,6.1766670,91.22166000,269,269,150),(2257,2848,45.8804100,-39.53018000,73,76,157),(2258,2848,45.8804100,-39.53018000,73,76,157),(2259,2874,12.3372800,61.63936000,290,288,135),(2260,2874,12.3372800,61.63936000,290,288,135),(2261,2874,12.3387000,61.63508000,290,288,135),(2262,2874,12.3387000,61.63508000,290,288,135),(2263,2874,12.3423800,61.62428000,290,288,135),(2264,2874,12.3423800,61.62428000,290,288,135),(2265,2884,37.4127600,11.68889000,109,111,151),(2266,2884,37.4127600,11.68889000,109,111,151),(2267,2884,37.4111900,11.69433000,110,111,147),(2268,2884,37.4111900,11.69433000,110,111,147),(2269,2884,37.4092100,11.70063000,109,111,150),(2270,2884,37.4092100,11.70063000,109,111,150),(2271,2884,37.4076000,11.70600000,110,110,150),(2272,2884,37.4076000,11.70600000,110,110,150),(2273,2884,37.4179800,11.67170000,110,110,151),(2274,2884,37.4179800,11.67170000,110,110,151),(2275,2884,37.4145500,11.68303000,109,111,151),(2276,2884,37.4145500,11.68303000,109,111,151),(2277,2884,37.4161900,11.67758000,109,111,148),(2278,2884,37.4161900,11.67758000,109,111,148),(2279,2884,37.4058000,11.71175000,110,112,150),(2280,2884,37.4058000,11.71175000,110,112,150),(2281,2884,37.4041100,11.71720000,110,111,151),(2282,2884,37.4041100,11.71720000,110,111,151),(2283,2884,37.4003300,11.72908000,109,111,152),(2284,2884,37.4003300,11.72908000,109,111,152),(2285,2884,37.4022300,11.72311000,110,112,153),(2286,2884,37.4022300,11.72311000,110,112,153),(2287,2884,37.3985300,11.73498000,109,110,153),(2288,2884,37.3985300,11.73498000,109,110,153),(2289,2892,59.9625700,4.19815300,355,358,104),(2290,2892,59.9625700,4.19815300,355,358,104),(2291,2892,59.9596900,4.19815800,358,5,106),(2292,2892,59.9596900,4.19815800,358,5,106),(2293,2892,59.9659700,4.19773300,355,357,104),(2294,2892,59.9659700,4.19773300,355,357,104),(2295,2892,59.9692600,4.19728200,356,356,106),(2296,2892,59.9692600,4.19728200,356,356,106),(2297,2892,59.9825500,4.19540800,356,358,107),(2298,2892,59.9825500,4.19540800,356,358,107),(2299,2892,59.9790900,4.19582500,355,353,108),(2300,2892,59.9790900,4.19582500,355,353,108),(2301,2892,59.9761500,4.19642200,354,356,106),(2302,2892,59.9761500,4.19642200,354,356,106),(2303,2892,59.9727500,4.19684800,355,354,106),(2304,2892,59.9727500,4.19684800,355,354,106),(2305,2892,59.9992100,4.19346200,356,357,110),(2306,2892,59.9992100,4.19346200,356,357,110),(2307,2892,59.9926000,4.19434700,356,354,110),(2308,2892,59.9926000,4.19434700,356,354,110),(2309,2892,59.9957000,4.19393200,355,357,111),(2310,2892,59.9957000,4.19393200,355,357,111),(2311,2892,59.9890100,4.19486000,354,356,110),(2312,2892,59.9890100,4.19486000,354,356,110),(2313,2892,59.9855700,4.19517500,356,357,107),(2314,2892,59.9855700,4.19517500,356,357,107),(2315,2896,46.5900000,146.20330000,221,222,130),(2316,2896,46.5900000,146.20330000,221,222,130),(2317,2933,33.3133300,127.21000000,221,225,130),(2318,2933,33.3133300,127.21000000,221,225,130),(2319,2934,14.3967500,-139.97340000,272,276,132),(2320,2934,14.3967500,-139.97340000,272,276,132),(2321,2934,14.3965900,-139.97090000,272,274,132),(2322,2934,14.3965900,-139.97090000,272,274,132),(2323,2934,14.3964400,-139.96900000,273,272,132),(2324,2934,14.3964400,-139.96900000,273,272,132),(2325,2934,14.3956300,-139.95840000,275,274,130),(2326,2934,14.3956300,-139.95840000,275,274,130),(2327,2934,14.3960600,-139.96340000,272,275,131),(2328,2934,14.3960600,-139.96340000,272,275,131),(2329,2934,14.3947800,-139.94850000,275,276,131),(2330,2934,14.3947800,-139.94850000,275,276,131),(2331,2934,14.3980100,-139.99410000,271,271,131),(2332,2934,14.3980100,-139.99410000,271,271,131),(2333,2934,14.3981200,-139.99670000,272,273,132),(2334,2934,14.3981200,-139.99670000,272,273,132),(2335,2934,14.3969900,-139.97650000,272,275,133),(2336,2934,14.3969900,-139.97650000,272,275,133),(2337,2934,14.3973000,-139.98280000,272,271,132),(2338,2934,14.3973000,-139.98280000,272,271,132),(2339,2934,14.3974200,-139.98460000,273,272,133),(2340,2934,14.3974200,-139.98460000,273,272,133),(2341,2934,14.3975700,-139.98730000,273,274,133),(2342,2934,14.3975700,-139.98730000,273,274,133),(2343,2939,36.6242700,13.20383000,114,114,127),(2344,2939,36.6242700,13.20383000,114,114,127),(2345,2939,36.6277000,13.19452000,113,114,128),(2346,2939,36.6277000,13.19452000,113,114,128),(2347,2939,36.6260200,13.19913000,114,113,127),(2348,2939,36.6260200,13.19913000,114,113,127),(2349,2939,36.6294700,13.18975000,114,115,127),(2350,2939,36.6294700,13.18975000,114,115,127),(2351,2939,36.6316500,13.18382000,114,114,129),(2352,2939,36.6316500,13.18382000,114,114,129),(2353,2939,36.6406200,13.15883000,113,113,127),(2354,2939,36.6406200,13.15883000,113,113,127),(2355,2939,36.6389400,13.16368000,114,113,127),(2356,2939,36.6389400,13.16368000,114,113,127),(2357,2939,36.6438500,13.14957000,113,112,129),(2358,2939,36.6438500,13.14957000,113,112,129),(2359,2939,36.6422300,13.15420000,113,113,126),(2360,2939,36.6422300,13.15420000,113,113,126),(2361,2939,36.6334000,13.17907000,114,114,127),(2362,2939,36.6334000,13.17907000,114,114,127),(2363,2939,36.6353100,13.17360000,113,113,128),(2364,2939,36.6353100,13.17360000,113,113,128),(2365,2939,36.6369800,13.16897000,113,113,127),(2366,2939,36.6369800,13.16897000,113,113,127),(2367,2942,10.6945700,-71.55901000,5,44,3),(2368,2942,10.6945700,-71.55901000,5,44,3),(2369,2942,10.6945000,-71.55900000,3,293,1),(2370,2942,10.6945000,-71.55900000,3,293,1),(2371,2942,10.6945300,-71.55904000,5,304,11),(2372,2942,10.6945300,-71.55904000,5,304,11),(2373,2942,10.6946100,-71.55899000,6,338,5),(2374,2942,10.6946100,-71.55899000,6,338,5),(2375,2942,10.6946300,-71.55898000,6,322,6),(2376,2942,10.6946300,-71.55898000,6,322,6),(2377,2944,-34.7274300,-57.85560000,211,177,1),(2378,2944,-34.7274300,-57.85560000,211,177,1),(2379,2944,-34.7274400,-57.85564000,211,149,1),(2380,2944,-34.7274400,-57.85564000,211,149,1),(2381,2944,-34.7274250,-57.85569400,212,73,1),(2382,2944,-34.7274250,-57.85569400,212,73,1),(2383,2944,-34.7274700,-57.85577000,212,57,1),(2384,2944,-34.7274700,-57.85577000,212,57,1),(2385,2944,-34.7273900,-57.85565000,211,97,0),(2386,2944,-34.7273900,-57.85565000,211,97,0),(2387,2918,36.8246600,36.12878000,30,134,0),(2388,2918,36.8246600,36.12878000,30,134,0),(2389,2925,-24.1226500,-46.29744000,90,69,3),(2390,2925,-24.1226500,-46.29744000,90,69,3),(2391,2925,-24.1226000,-46.29745000,93,97,8),(2392,2925,-24.1226000,-46.29745000,93,97,8),(2393,2925,-24.1226200,-46.29743000,91,73,3),(2394,2925,-24.1226200,-46.29743000,91,73,3),(2395,2925,-24.1226000,-46.29742000,93,77,3),(2396,2925,-24.1226000,-46.29742000,93,77,3),(2397,2925,-24.1226100,-46.29743000,89,92,2),(2398,2925,-24.1226100,-46.29743000,89,92,2),(2399,2889,22.2730700,91.73299000,348,258,0),(2400,2889,22.2730700,91.73299000,348,258,0),(2401,2853,38.9672400,118.06750000,175,236,0),(2402,2853,38.9672400,118.06750000,175,236,0),(2403,2853,38.9672300,118.06750000,174,234,0),(2404,2853,38.9672300,118.06750000,174,234,0),(2405,2853,38.9672400,118.06760000,176,215,0),(2406,2853,38.9672400,118.06760000,176,215,0),(2407,2853,38.9672400,118.06760000,177,220,0),(2408,2853,38.9672400,118.06760000,177,220,0),(2409,2853,38.9672500,118.06760000,177,225,0),(2410,2853,38.9672500,118.06760000,177,225,0),(2411,2857,6.0599120,1.25209200,173,245,0),(2412,2857,6.0599120,1.25209200,173,245,0),(2413,2857,6.0599270,1.25212300,173,245,1),(2414,2857,6.0599270,1.25212300,173,245,1),(2415,2857,6.0599470,1.25219800,178,245,1),(2416,2857,6.0599470,1.25219800,178,245,1),(2417,2857,6.0599330,1.25233200,187,92,0),(2418,2857,6.0599330,1.25233200,187,92,0),(2419,2857,6.0599720,1.25228800,183,79,1),(2420,2857,6.0599720,1.25228800,183,79,1),(2421,2807,36.0768600,-6.24526800,276,92,1),(2422,2807,36.0768600,-6.24526800,276,92,1),(2423,2807,36.0768500,-6.24527000,273,130,1),(2424,2807,36.0768500,-6.24527000,273,130,1),(2425,2776,-29.9497000,-51.30877000,63,66,1),(2426,2776,-29.9497000,-51.30877000,63,66,1),(2427,2776,-29.9496300,-51.30881000,66,66,1),(2428,2776,-29.9496300,-51.30881000,66,66,1),(2429,2776,-29.9497400,-51.30873000,59,66,0),(2430,2776,-29.9497400,-51.30873000,59,66,0),(2431,2776,-29.9497200,-51.30873000,56,66,0),(2432,2776,-29.9497200,-51.30873000,56,66,0),(2433,2776,-29.9496900,-51.30874000,59,66,0),(2434,2776,-29.9496900,-51.30874000,59,66,0),(2435,2793,1.1727630,103.70340000,3,102,2),(2436,2793,1.1727630,103.70340000,3,102,2),(2437,2793,1.1727630,103.70360000,354,78,2),(2438,2793,1.1727630,103.70360000,354,78,2),(2439,2793,1.1728530,103.70370000,352,77,1),(2440,2793,1.1728530,103.70370000,352,77,1),(2441,2793,1.1730550,103.70380000,1,12,2),(2442,2793,1.1730550,103.70380000,1,12,2),(2443,2793,1.1732150,103.70390000,4,40,2),(2444,2793,1.1732150,103.70390000,4,40,2),(2445,2800,-33.0036300,-71.58516000,259,203,2),(2446,2800,-33.0036300,-71.58516000,259,203,2),(2447,2800,-33.0034200,-71.58516000,255,171,2),(2448,2800,-33.0034200,-71.58516000,255,171,2),(2449,2800,-33.0033000,-71.58523000,248,135,2),(2450,2800,-33.0033000,-71.58523000,248,135,2),(2451,2800,-33.0031700,-71.58539000,241,129,2),(2452,2800,-33.0031700,-71.58539000,241,129,2),(2453,2800,-33.0030600,-71.58557000,236,100,2),(2454,2800,-33.0030600,-71.58557000,236,100,2),(2455,2817,1.2635180,103.88450000,33,140,0),(2456,2817,1.2635180,103.88450000,33,140,0),(2457,2817,1.2635430,103.88440000,35,317,0),(2458,2817,1.2635430,103.88440000,35,317,0),(2459,2817,1.2635030,103.88450000,29,247,0),(2460,2817,1.2635030,103.88450000,29,247,0),(2461,2817,1.2635070,103.88450000,32,125,0),(2462,2817,1.2635070,103.88450000,32,125,0),(2463,2817,1.2635030,103.88440000,33,262,0),(2464,2817,1.2635030,103.88440000,33,262,0),(2465,2740,27.6175300,-83.05271000,331,116,2),(2466,2740,27.6175300,-83.05271000,331,116,2),(2467,2740,27.6175000,-83.05273000,332,198,1),(2468,2740,27.6175000,-83.05273000,332,198,1),(2469,2824,30.0782000,-88.03553000,2,250,3),(2470,2824,30.0782000,-88.03553000,2,250,3),(2471,2824,30.0782500,-88.03574000,33,70,4),(2472,2824,30.0782500,-88.03574000,33,70,4),(2473,2824,30.0781700,-88.03585000,21,276,2),(2474,2824,30.0781700,-88.03585000,21,276,2),(2475,2824,30.0782700,-88.03528000,29,93,5),(2476,2824,30.0782700,-88.03528000,29,93,5),(2477,2613,10.3119000,-61.49166000,72,263,1),(2478,2613,10.3119000,-61.49166000,72,263,1),(2479,2613,10.3119000,-61.49167000,73,263,1),(2480,2613,10.3119000,-61.49167000,73,263,1),(2481,2613,10.3119200,-61.49166000,75,249,0),(2482,2613,10.3119200,-61.49166000,75,249,0),(2483,2613,10.3118700,-61.49167000,73,244,1),(2484,2613,10.3118700,-61.49167000,73,244,1),(2485,2613,10.3119200,-61.49167000,75,247,1),(2486,2613,10.3119200,-61.49167000,75,247,1),(2487,2764,51.7852800,3.34518200,221,2,0),(2488,2764,51.7852800,3.34518200,221,2,0),(2489,2764,51.7852500,3.34519000,219,94,0),(2490,2764,51.7852500,3.34519000,219,94,0),(2491,2764,51.7852600,3.34520800,221,309,0),(2492,2764,51.7852600,3.34520800,221,309,0),(2493,2764,51.7853000,3.34517300,214,78,1),(2494,2764,51.7853000,3.34517300,214,78,1),(2495,2764,51.7852700,3.34509500,219,318,0),(2496,2764,51.7852700,3.34509500,219,318,0),(2497,2742,20.9749600,72.62421000,357,213,1),(2498,2742,20.9749600,72.62421000,357,213,1),(2499,2742,20.9749800,72.62444000,359,82,4),(2500,2742,20.9749800,72.62444000,359,82,4),(2501,2669,21.4565000,39.08117000,337,73,9),(2502,2669,21.4565000,39.08117000,337,73,9),(2503,2669,21.4565000,39.08100000,345,56,6),(2504,2669,21.4565000,39.08100000,345,56,6),(2505,2669,21.4566700,39.08133000,328,268,6),(2506,2669,21.4566700,39.08133000,328,268,6),(2507,2669,21.4565000,39.08133000,328,238,11),(2508,2669,21.4565000,39.08133000,328,238,11),(2509,2669,21.4565000,39.08083000,340,340,0),(2510,2669,21.4565000,39.08083000,340,340,0),(2511,2670,1.7066670,104.94830000,44,255,0),(2512,2670,1.7066670,104.94830000,44,255,0),(2513,2670,1.7066670,104.94830000,44,255,0),(2514,2670,1.7066670,104.94830000,44,255,0),(2515,2670,1.7066670,104.94830000,44,255,0),(2516,2670,1.7066670,104.94830000,44,255,0),(2517,2670,1.7066670,104.94830000,44,255,0),(2518,2670,1.7066670,104.94830000,44,255,0),(2519,2670,1.7066670,104.94830000,44,255,0),(2520,2670,1.7066670,104.94830000,44,255,0),(2521,2638,40.9575100,28.91217000,121,61,1),(2522,2638,40.9575100,28.91217000,121,61,1),(2523,2638,40.9576100,28.91241000,129,61,1),(2524,2638,40.9576100,28.91241000,129,61,1),(2525,2638,40.9575600,28.91229000,125,61,1),(2526,2638,40.9575600,28.91229000,125,61,1),(2527,2638,40.9576700,28.91251000,139,61,1),(2528,2638,40.9576700,28.91251000,139,61,1),(2529,2638,40.9576600,28.91248000,134,61,0),(2530,2638,40.9576600,28.91248000,134,61,0),(2531,2632,46.9540400,37.49665000,272,285,2),(2532,2632,46.9540400,37.49665000,272,285,2),(2533,2632,46.9545700,37.49637000,253,354,7),(2534,2632,46.9545700,37.49637000,253,354,7),(2535,2632,46.9545400,37.49630000,221,162,6),(2536,2632,46.9545400,37.49630000,221,162,6),(2537,2632,46.9542600,37.49665000,254,106,1),(2538,2632,46.9542600,37.49665000,254,106,1),(2539,2632,46.9545500,37.49646000,248,343,5),(2540,2632,46.9545500,37.49646000,248,343,5),(2541,2618,6.2695950,3.18377700,140,143,0),(2542,2618,6.2695950,3.18377700,140,143,0),(2543,2618,6.2695820,3.18378500,141,185,1),(2544,2618,6.2695820,3.18378500,141,185,1),(2545,2618,6.2696120,3.18380200,143,143,1),(2546,2618,6.2696120,3.18380200,143,143,1),(2547,2618,6.2695500,3.18377000,140,170,0),(2548,2618,6.2695500,3.18377000,140,170,0),(2549,2618,6.2695870,3.18379800,140,118,0),(2550,2618,6.2695870,3.18379800,140,118,0),(2551,2599,-20.1757200,57.41448000,32,0,0),(2552,2599,-20.1757200,57.41448000,32,0,0),(2553,2599,-20.1757800,57.41453000,30,0,2),(2554,2599,-20.1757800,57.41453000,30,0,2),(2555,2599,-20.1757000,57.41447000,32,0,0),(2556,2599,-20.1757000,57.41447000,32,0,0),(2557,2599,-20.1757300,57.41448000,32,0,0),(2558,2599,-20.1757300,57.41448000,32,0,0),(2559,2599,-20.1757200,57.41445000,31,0,0),(2560,2599,-20.1757200,57.41445000,31,0,0),(2561,2512,24.2198500,-110.34550000,48,156,0),(2562,2512,24.2198500,-110.34550000,48,156,0),(2563,2512,24.2199000,-110.34560000,51,156,1),(2564,2512,24.2199000,-110.34560000,51,156,1),(2565,2512,24.2199800,-110.34560000,53,156,0),(2566,2512,24.2199800,-110.34560000,53,156,0),(2567,2515,-35.2203800,-55.46882000,71,63,3),(2568,2515,-35.2203800,-55.46882000,71,63,3),(2569,2515,-35.2203600,-55.46884000,73,80,1),(2570,2515,-35.2203600,-55.46884000,73,80,1),(2571,2515,-35.2204100,-55.46882000,71,117,2),(2572,2515,-35.2204100,-55.46882000,71,117,2),(2573,2515,-35.2204200,-55.46878000,69,72,2),(2574,2515,-35.2204200,-55.46878000,69,72,2),(2575,2459,51.9349300,3.74702500,230,310,1),(2576,2459,51.9349300,3.74702500,230,310,1),(2577,2459,51.9349300,3.74689700,230,274,1),(2578,2459,51.9349300,3.74689700,230,274,1),(2579,2459,51.9349900,3.74670300,225,316,0),(2580,2459,51.9349900,3.74670300,225,316,0),(2581,2459,51.9349500,3.74681200,230,333,2),(2582,2459,51.9349500,3.74681200,230,333,2),(2583,2414,13.6999500,120.37460000,90,320,2),(2584,2414,13.6999500,120.37460000,90,320,2),(2585,2297,40.7615700,29.62229000,38,270,1),(2586,2297,40.7615700,29.62229000,38,270,1),(2587,2297,40.7614900,29.62231000,35,270,0),(2588,2297,40.7614900,29.62231000,35,270,0),(2589,2297,40.7614500,29.62234000,33,270,0),(2590,2297,40.7614500,29.62234000,33,270,0),(2591,2297,40.7614100,29.62244000,30,270,0),(2592,2297,40.7614100,29.62244000,30,270,0),(2593,2297,40.7614100,29.62256000,26,270,0),(2594,2297,40.7614100,29.62256000,26,270,0),(2595,2232,-25.6932800,-48.20315000,94,342,1),(2596,2232,-25.6932800,-48.20315000,94,342,1),(2597,2232,-25.6932700,-48.20310000,94,17,0),(2598,2232,-25.6932700,-48.20310000,94,17,0),(2599,2232,-25.6933300,-48.20313000,92,26,1),(2600,2232,-25.6933300,-48.20313000,92,26,1),(2601,2232,-25.6934000,-48.20305000,91,16,0),(2602,2232,-25.6934000,-48.20305000,91,16,0),(2603,2232,-25.6933700,-48.20305000,93,21,0),(2604,2232,-25.6933700,-48.20305000,93,21,0),(2605,2367,51.8610600,3.42372000,213,303,0),(2606,2367,51.8610600,3.42372000,213,303,0),(2607,2367,51.8610600,3.42373200,215,303,1),(2608,2367,51.8610600,3.42373200,215,303,1),(2609,2367,51.8610700,3.42384300,219,303,1),(2610,2367,51.8610700,3.42384300,219,303,1),(2611,2387,37.5534000,-1.11793300,155,231,2),(2612,2387,37.5534000,-1.11793300,155,231,2),(2613,2387,37.5532800,-1.11801700,101,48,2),(2614,2387,37.5532800,-1.11801700,101,48,2),(2615,2387,37.5534200,-1.11781700,120,29,1),(2616,2387,37.5534200,-1.11781700,120,29,1),(2617,2271,-23.1645000,-44.49250000,155,69,1),(2618,2271,-23.1645000,-44.49250000,155,69,1),(2619,2271,-23.1645000,-44.49233000,163,93,1),(2620,2271,-23.1645000,-44.49233000,163,93,1),(2621,2241,-24.0843200,-46.34296000,91,262,3),(2622,2241,-24.0843200,-46.34296000,91,262,3),(2623,2241,-24.0843800,-46.34295000,89,283,4),(2624,2241,-24.0843800,-46.34295000,89,283,4),(2625,2164,23.1609600,-106.40620000,291,48,3),(2626,2164,23.1609600,-106.40620000,291,48,3),(2627,2164,23.1608600,-106.40630000,299,0,0),(2628,2164,23.1608600,-106.40630000,299,0,0),(2629,2164,23.1610100,-106.40620000,286,244,1),(2630,2164,23.1610100,-106.40620000,286,244,1),(2631,2164,23.1608800,-106.40630000,298,0,0),(2632,2164,23.1608800,-106.40630000,298,0,0),(2633,2156,32.1316700,19.97500000,NULL,0,0),(2634,2156,32.1316700,19.97500000,NULL,0,0),(2635,2156,32.1316700,19.97500000,NULL,0,0),(2636,2156,32.1316700,19.97500000,NULL,0,0),(2637,2210,-13.0757400,-38.60417000,71,212,1),(2638,2210,-13.0757400,-38.60417000,71,212,1),(2639,2210,-13.0756000,-38.60417000,81,122,1),(2640,2210,-13.0756000,-38.60417000,81,122,1),(2641,2210,-13.0755500,-38.60425000,81,306,1),(2642,2210,-13.0755500,-38.60425000,81,306,1),(2643,2210,-13.0755900,-38.60421000,76,311,2),(2644,2210,-13.0755900,-38.60421000,76,311,2),(2645,2010,-25.7244200,-48.22925000,85,294,3),(2646,2010,-25.7244200,-48.22925000,85,294,3),(2647,2010,-25.7243600,-48.22931000,87,334,1),(2648,2010,-25.7243600,-48.22931000,87,334,1),(2649,2010,-25.7244500,-48.22925000,86,263,1),(2650,2010,-25.7244500,-48.22925000,86,263,1),(2651,2010,-25.7244100,-48.22924000,91,266,0),(2652,2010,-25.7244100,-48.22924000,91,266,0),(2653,2042,46.2828900,30.74083000,303,119,1),(2654,2042,46.2828900,30.74083000,303,119,1),(2655,2042,46.2828900,30.74089000,302,116,0),(2656,2042,46.2828900,30.74089000,302,116,0),(2657,2042,46.2828900,30.74093000,302,44,0),(2658,2042,46.2828900,30.74093000,302,44,0),(2659,2042,46.2829300,30.74091000,301,336,0),(2660,2042,46.2829300,30.74091000,301,336,0),(2661,2042,46.2829700,30.74089000,300,333,0),(2662,2042,46.2829700,30.74089000,300,333,0),(2663,2089,37.2639200,27.58876000,511,199,3),(2664,2089,37.2639200,27.58876000,511,199,3),(2665,2053,60.0183400,29.38312000,276,19,3),(2666,2053,60.0183400,29.38312000,276,19,3),(2667,2053,60.0180100,29.38280000,269,195,8),(2668,2053,60.0180100,29.38280000,269,195,8),(2669,2053,60.0179700,29.38273000,312,26,8),(2670,2053,60.0179700,29.38273000,312,26,8),(2671,2053,60.0177000,29.38248000,318,335,2),(2672,2053,60.0177000,29.38248000,318,335,2),(2673,2053,60.0182000,29.38292000,299,24,5),(2674,2053,60.0182000,29.38292000,299,24,5),(2675,2000,13.2416700,80.40000000,73,59,0),(2676,2000,13.2416700,80.40000000,73,59,0),(2677,1985,6.0551830,1.27905000,169,53,0),(2678,1985,6.0551830,1.27905000,169,53,0),(2679,1985,6.0552330,1.27908300,173,53,0),(2680,1985,6.0552330,1.27908300,173,53,0),(2681,1985,6.0552330,1.27910000,179,160,0),(2682,1985,6.0552330,1.27910000,179,160,0),(2683,1985,6.0552000,1.27906700,177,232,0),(2684,1985,6.0552000,1.27906700,177,232,0),(2685,1937,51.8910000,3.55850000,241,178,2),(2686,1937,51.8910000,3.55850000,241,178,2),(2687,1937,51.8910800,3.55831800,239,316,7),(2688,1937,51.8910800,3.55831800,239,316,7),(2689,1937,51.8912100,3.55819800,229,340,3),(2690,1937,51.8912100,3.55819800,229,340,3),(2691,1939,1.2870400,103.98460000,68,2,1),(2692,1939,1.2870400,103.98460000,68,2,1),(2693,1939,1.2870230,103.98450000,69,2,0),(2694,1939,1.2870230,103.98450000,69,2,0),(2695,1939,1.2870850,103.98460000,69,2,1),(2696,1939,1.2870850,103.98460000,69,2,1),(2697,1939,1.2871270,103.98460000,69,2,1),(2698,1939,1.2871270,103.98460000,69,2,1),(2699,1939,1.2871650,103.98460000,70,2,1),(2700,1939,1.2871650,103.98460000,70,2,1),(2701,1896,44.8316700,36.44333000,84,356,0),(2702,1896,44.8316700,36.44333000,84,356,0),(2703,1916,-20.5191700,117.28620000,280,252,0),(2704,1916,-20.5191700,117.28620000,280,252,0),(2705,1916,-20.5191700,117.28620000,279,32,0),(2706,1916,-20.5191700,117.28620000,279,32,0),(2707,1916,-20.5191700,117.28620000,281,10,0),(2708,1916,-20.5191700,117.28620000,281,10,0),(2709,1916,-20.5190000,117.28620000,279,311,0),(2710,1916,-20.5190000,117.28620000,279,311,0),(2711,1927,2.2857130,102.00590000,321,0,0),(2712,1927,2.2857130,102.00590000,321,0,0),(2713,1927,2.2857150,102.00580000,321,0,0),(2714,1927,2.2857150,102.00580000,321,0,0),(2715,1927,2.2856900,102.00600000,321,0,0),(2716,1927,2.2856900,102.00600000,321,0,0),(2717,1927,2.2857170,102.00590000,321,0,0),(2718,1927,2.2857170,102.00590000,321,0,0),(2719,1927,2.2856850,102.00600000,321,0,0),(2720,1927,2.2856850,102.00600000,321,0,0),(2721,1871,40.8803500,8.43933300,65,286,3),(2722,1871,40.8803500,8.43933300,65,286,3),(2723,1871,40.8802500,8.43947800,43,0,2),(2724,1871,40.8802500,8.43947800,43,0,2),(2725,1871,40.8801900,8.43944500,52,190,4),(2726,1871,40.8801900,8.43944500,52,190,4),(2727,1874,35.2738200,120.22730000,156,219,1),(2728,1874,35.2738200,120.22730000,156,219,1),(2729,1874,35.2737900,120.22720000,155,166,1),(2730,1874,35.2737900,120.22720000,155,166,1),(2731,1874,35.2737500,120.22720000,155,223,1),(2732,1874,35.2737500,120.22720000,155,223,1),(2733,1874,35.2737100,120.22720000,153,215,1),(2734,1874,35.2737100,120.22720000,153,215,1),(2735,1592,8.8260200,-79.51764000,33,294,0),(2736,1592,8.8260200,-79.51764000,33,294,0),(2737,1592,8.8260450,-79.51762000,33,294,1),(2738,1592,8.8260450,-79.51762000,33,294,1),(2739,1592,8.8260450,-79.51759000,31,294,1),(2740,1592,8.8260450,-79.51759000,31,294,1),(2741,1592,8.8260870,-79.51756000,31,294,1),(2742,1592,8.8260870,-79.51756000,31,294,1),(2743,1822,14.5085000,49.09945000,87,341,1),(2744,1822,14.5085000,49.09945000,87,341,1),(2745,1832,18.9309200,72.70110000,355,140,0),(2746,1832,18.9309200,72.70110000,355,140,0),(2747,1832,18.9309200,72.70110000,355,140,0),(2748,1832,18.9309200,72.70110000,355,140,0),(2749,1832,18.9309100,72.70109000,356,106,0),(2750,1832,18.9309100,72.70109000,356,106,0),(2751,1832,18.9309500,72.70116000,354,106,0),(2752,1832,18.9309500,72.70116000,354,106,0),(2753,1832,18.9309600,72.70120000,353,94,1),(2754,1832,18.9309600,72.70120000,353,94,1),(2755,1771,-6.1122600,12.20798000,114,209,4),(2756,1771,-6.1122600,12.20798000,114,209,4),(2757,1771,-6.1123150,12.20800000,112,348,0),(2758,1771,-6.1123150,12.20800000,112,348,0),(2759,1771,-6.1122980,12.20798000,112,26,2),(2760,1771,-6.1122980,12.20798000,112,26,2),(2761,1716,-33.8707500,25.77143000,139,177,0),(2762,1716,-33.8707500,25.77143000,139,177,0),(2763,1716,-33.8709000,25.77123000,133,236,3),(2764,1716,-33.8709000,25.77123000,133,236,3),(2765,1716,-33.8708000,25.77135000,123,30,2),(2766,1716,-33.8708000,25.77135000,123,30,2),(2767,1716,-33.8710000,25.77105000,119,235,1),(2768,1716,-33.8710000,25.77105000,119,235,1),(2769,1617,51.4224300,2.66698800,251,147,0),(2770,1617,51.4224300,2.66698800,251,147,0),(2771,1617,51.4224400,2.66697500,251,147,1),(2772,1617,51.4224400,2.66697500,251,147,1),(2773,1617,51.4224400,2.66695800,251,147,1),(2774,1617,51.4224400,2.66695800,251,147,1),(2775,1621,42.7808700,132.94830000,17,301,1),(2776,1621,42.7808700,132.94830000,17,301,1),(2777,1621,42.7808500,132.94820000,15,281,2),(2778,1621,42.7808500,132.94820000,15,281,2),(2779,1621,42.7808900,132.94830000,19,304,1),(2780,1621,42.7808900,132.94830000,19,304,1),(2781,1621,42.7808100,132.94840000,7,279,2),(2782,1621,42.7808100,132.94840000,7,279,2),(2783,1622,45.3775300,36.69323000,236,337,1),(2784,1622,45.3775300,36.69323000,236,337,1),(2785,1622,45.3775300,36.69325000,239,310,1),(2786,1622,45.3775300,36.69325000,239,310,1),(2787,1622,45.3775700,36.69322000,229,328,0),(2788,1622,45.3775700,36.69322000,229,328,0),(2789,1638,38.1916500,26.05841000,511,208,1),(2790,1638,38.1916500,26.05841000,511,208,1),(2791,1638,38.1917700,26.05844000,511,61,1),(2792,1638,38.1917700,26.05844000,511,61,1),(2793,1638,38.1918400,26.05851000,511,5,1),(2794,1638,38.1918400,26.05851000,511,5,1),(2795,1542,1.2902850,104.02100000,61,99,3),(2796,1542,1.2902850,104.02100000,61,99,3),(2797,1601,18.7794400,-93.19991000,353,51,4),(2798,1601,18.7794400,-93.19991000,353,51,4),(2799,1601,18.7793400,-93.20008000,355,154,1),(2800,1601,18.7793400,-93.20008000,355,154,1),(2801,1605,25.4259400,55.28005000,326,356,0),(2802,1605,25.4259400,55.28005000,326,356,0),(2803,1605,25.4259600,55.28007000,324,356,0),(2804,1605,25.4259600,55.28007000,324,356,0),(2805,1605,25.4259700,55.28006000,324,356,0),(2806,1605,25.4259700,55.28006000,324,356,0),(2807,1605,25.4259500,55.28002000,329,356,0),(2808,1605,25.4259500,55.28002000,329,356,0),(2809,1605,25.4259700,55.28006000,324,356,0),(2810,1605,25.4259700,55.28006000,324,356,0),(2811,1520,52.5291100,4.28848500,224,22,1),(2812,1520,52.5291100,4.28848500,224,22,1),(2813,1520,52.5291200,4.28828100,225,278,2),(2814,1520,52.5291200,4.28828100,225,278,2),(2815,1520,52.5291700,4.28793000,218,263,3),(2816,1520,52.5291700,4.28793000,218,263,3),(2817,1456,63.0141300,7.82058100,279,107,1),(2818,1456,63.0141300,7.82058100,279,107,1),(2819,1456,63.0141700,7.82066800,272,106,2),(2820,1456,63.0141700,7.82066800,272,106,2),(2821,1456,63.0140500,7.82068300,281,93,2),(2822,1456,63.0140500,7.82068300,281,93,2),(2823,1456,63.0141400,7.82048000,274,302,3),(2824,1456,63.0141400,7.82048000,274,302,3),(2825,463,51.8158900,3.35412800,209,0,0),(2826,463,51.8158900,3.35412800,209,0,0),(2827,463,51.8159000,3.35406200,209,0,0),(2828,463,51.8159000,3.35406200,209,0,0),(2829,463,51.8159000,3.35410000,212,0,0),(2830,463,51.8159000,3.35410000,212,0,0),(2831,463,51.8158800,3.35419300,216,0,0),(2832,463,51.8158800,3.35419300,216,0,0),(2833,560,29.8216700,122.52170000,149,268,1),(2834,560,29.8216700,122.52170000,149,268,1),(2835,560,29.8216700,122.52180000,149,67,3),(2836,560,29.8216700,122.52180000,149,67,3),(2837,560,29.8216700,122.52180000,149,45,2),(2838,560,29.8216700,122.52180000,149,45,2),(2839,560,29.8218300,122.52180000,149,228,1),(2840,560,29.8218300,122.52180000,149,228,1),(2841,456,57.6857700,-2.18951800,294,322,2),(2842,456,57.6857700,-2.18951800,294,322,2),(2843,456,57.6857300,-2.18950800,296,305,2),(2844,456,57.6857300,-2.18950800,296,305,2),(2845,267,16.8931700,-25.00307000,54,0,0),(2846,267,16.8931700,-25.00307000,54,0,0),(2847,267,16.8931400,-25.00311000,33,0,0),(2848,267,16.8931400,-25.00311000,33,0,0),(2849,267,16.8931800,-25.00317000,38,0,0),(2850,267,16.8931800,-25.00317000,38,0,0),(2851,267,16.8930400,-25.00298000,35,0,0),(2852,267,16.8930400,-25.00298000,35,0,0),(2853,267,16.8930600,-25.00303000,0,0,0),(2854,267,16.8930600,-25.00303000,0,0,0),(2855,472,10.3181700,-61.50255000,88,351,0),(2856,472,10.3181700,-61.50255000,88,351,0),(2857,472,10.3181700,-61.50253000,87,351,0),(2858,472,10.3181700,-61.50253000,87,351,0),(2859,472,10.3181500,-61.50257000,88,351,0),(2860,472,10.3181500,-61.50257000,88,351,0),(2861,472,10.3181800,-61.50257000,90,351,0),(2862,472,10.3181800,-61.50257000,90,351,0),(2863,472,10.3182200,-61.50255000,92,351,0),(2864,472,10.3182200,-61.50255000,92,351,0),(2865,422,-8.7477080,13.29556000,280,261,1),(2866,422,-8.7477080,13.29556000,280,261,1),(2867,422,-8.7476920,13.29556000,280,234,1),(2868,422,-8.7476920,13.29556000,280,234,1),(2869,422,-8.7476480,13.29556000,280,241,1),(2870,422,-8.7476480,13.29556000,280,241,1),(2871,422,-8.7476620,13.29552000,280,255,1),(2872,422,-8.7476620,13.29552000,280,255,1),(2873,422,-8.7476650,13.29556000,280,261,1),(2874,422,-8.7476650,13.29556000,280,261,1),(2875,19,51.5139100,3.02420000,253,261,32),(2876,19,51.5139100,3.02420000,253,261,32),(2877,19,51.5138500,3.02231300,263,270,40),(2878,19,51.5138500,3.02231300,263,270,40),(2879,19,51.5138700,3.02060800,254,267,39),(2880,19,51.5138700,3.02060800,254,267,39),(2881,19,51.5138500,3.01890800,260,271,39),(2882,19,51.5138500,3.01890800,260,271,39),(2883,19,51.5138400,3.01696800,257,268,40),(2884,19,51.5138400,3.01696800,257,268,40),(2885,19,51.5144200,3.01554700,325,321,45),(2886,19,51.5144200,3.01554700,325,321,45),(2887,19,51.5155100,3.01635200,76,54,49),(2888,19,51.5155100,3.01635200,76,54,49),(2889,19,51.5161400,3.01942500,87,76,57),(2890,19,51.5161400,3.01942500,87,76,57),(2891,19,51.5169400,3.02087200,338,22,38),(2892,19,51.5169400,3.02087200,338,22,38),(2893,19,51.5172800,3.02049700,184,179,18),(2894,19,51.5172800,3.02049700,184,179,18),(2895,19,51.5163300,3.02020800,214,203,37),(2896,19,51.5163300,3.02020800,214,203,37),(2897,19,51.5149500,3.01911000,215,204,39),(2898,19,51.5149500,3.01911000,215,204,39),(2899,19,51.5138900,3.01819500,214,207,38),(2900,19,51.5138900,3.01819500,214,207,38),(2901,584,53.6124000,6.53711300,100,82,11),(2902,584,53.6124000,6.53711300,100,82,11),(2903,584,53.6125400,6.53798200,101,86,8),(2904,584,53.6125400,6.53798200,101,86,8),(2905,1706,51.6603300,2.78716700,201,137,1),(2906,1706,51.6603300,2.78716700,201,137,1),(2907,1706,51.6603300,2.78716700,200,256,2),(2908,1706,51.6603300,2.78716700,200,256,2),(2909,1706,51.6626700,2.78950000,209,210,26),(2910,1706,51.6626700,2.78950000,209,210,26),(2911,1706,51.6610000,2.78783300,210,213,21),(2912,1706,51.6610000,2.78783300,210,213,21),(2913,1706,51.6603300,2.78716700,207,247,1),(2914,1706,51.6603300,2.78716700,207,247,1),(2915,2859,-23.3973300,-41.40900000,134,0,0),(2916,2859,-23.3973300,-41.40900000,134,0,0),(2917,2859,-23.3973300,-41.40900000,135,0,0),(2918,2859,-23.3973300,-41.40900000,135,0,0),(2919,2859,-23.3973300,-41.40900000,135,0,0),(2920,2859,-23.3973300,-41.40900000,135,0,0),(2921,2859,-23.3973300,-41.40900000,134,0,0),(2922,2859,-23.3973300,-41.40900000,134,0,0),(2923,2859,-23.3973300,-41.40900000,134,0,0),(2924,2859,-23.3973300,-41.40900000,134,0,0),(2925,2859,-23.3973300,-41.40900000,135,0,0),(2926,2859,-23.3973300,-41.40900000,135,0,0),(2927,2859,-23.3973300,-41.40900000,134,0,0),(2928,2859,-23.3973300,-41.40900000,134,0,0),(2929,2859,-23.3973300,-41.40900000,134,0,0),(2930,2859,-23.3973300,-41.40900000,134,0,0),(2931,2859,-23.3973300,-41.40900000,134,0,0),(2932,2859,-23.3973300,-41.40900000,134,0,0),(2933,2813,14.6771700,-17.42800000,199,19,0),(2934,2813,14.6771700,-17.42800000,199,19,0),(2935,2813,14.6771800,-17.42801000,199,19,0),(2936,2813,14.6771800,-17.42801000,199,19,0),(2937,2813,14.6771700,-17.42801000,199,19,0),(2938,2813,14.6771700,-17.42801000,199,19,0),(2939,2813,14.6771900,-17.42798000,199,19,0),(2940,2813,14.6771900,-17.42798000,199,19,0),(2941,2842,4.4216670,7.14000000,219,177,0),(2942,2842,4.4216670,7.14000000,219,177,0),(2943,2842,4.4216670,7.14000000,219,177,0),(2944,2842,4.4216670,7.14000000,219,177,0),(2945,2842,4.4216670,7.14000000,219,177,0),(2946,2842,4.4216670,7.14000000,219,177,0),(2947,2847,10.1907300,-61.69935000,58,85,0),(2948,2847,10.1907300,-61.69935000,58,85,0),(2949,2847,10.1907300,-61.69935000,58,85,0),(2950,2847,10.1907300,-61.69935000,58,85,0),(2951,2781,51.8743400,4.27479300,13,34,0),(2952,2781,51.8743400,4.27479300,13,34,0),(2953,2781,51.8743500,4.27476800,13,51,1),(2954,2781,51.8743500,4.27476800,13,51,1),(2955,2781,51.8743500,4.27478200,14,34,0),(2956,2781,51.8743500,4.27478200,14,34,0),(2957,2781,51.8743300,4.27477800,13,76,0),(2958,2781,51.8743300,4.27477800,13,76,0),(2959,2781,51.8743600,4.27482300,13,44,1),(2960,2781,51.8743600,4.27482300,13,44,1),(2961,2782,33.6055100,-7.61386800,147,275,0),(2962,2782,33.6055100,-7.61386800,147,275,0),(2963,2782,33.6055300,-7.61388800,147,275,0),(2964,2782,33.6055300,-7.61388800,147,275,0),(2965,2782,33.6055300,-7.61389700,147,275,0),(2966,2782,33.6055300,-7.61389700,147,275,0),(2967,2782,33.6055100,-7.61390800,147,275,0),(2968,2782,33.6055100,-7.61390800,147,275,0),(2969,2782,33.6055300,-7.61390700,147,275,0),(2970,2782,33.6055300,-7.61390700,147,275,0),(2971,2835,52.0995800,4.26629400,219,212,0),(2972,2835,52.0995800,4.26629400,219,212,0),(2973,2835,52.0995900,4.26629400,219,212,0),(2974,2835,52.0995900,4.26629400,219,212,0),(2975,2835,52.0995900,4.26628200,219,212,0),(2976,2835,52.0995900,4.26628200,219,212,0),(2977,2835,52.0995800,4.26627500,219,212,0),(2978,2835,52.0995800,4.26627500,219,212,0),(2979,2835,52.0996000,4.26627500,219,212,0),(2980,2835,52.0996000,4.26627500,219,212,0),(2981,2927,39.4517700,-0.31851000,332,131,0),(2982,2927,39.4517700,-0.31851000,332,131,0),(2983,2927,39.4517100,-0.31851830,332,242,0),(2984,2927,39.4517100,-0.31851830,332,242,0),(2985,2927,39.4517700,-0.31853170,332,33,0),(2986,2927,39.4517700,-0.31853170,332,33,0),(2987,2927,39.4517500,-0.31851330,332,34,0),(2988,2927,39.4517500,-0.31851330,332,34,0),(2989,2927,39.4517400,-0.31851500,332,25,0),(2990,2927,39.4517400,-0.31851500,332,25,0),(2991,2929,54.6893300,20.20343000,327,62,0),(2992,2929,54.6893300,20.20343000,327,62,0),(2993,2929,54.6893300,20.20343000,327,62,0),(2994,2929,54.6893300,20.20343000,327,62,0),(2995,2931,8.3614530,-62.69437000,252,138,0),(2996,2931,8.3614530,-62.69437000,252,138,0),(2997,2931,8.3614530,-62.69437000,252,138,0),(2998,2931,8.3614530,-62.69437000,252,138,0),(2999,2931,8.3614620,-62.69437000,252,138,0),(3000,2931,8.3614620,-62.69437000,252,138,0),(3001,2931,8.3614590,-62.69437000,252,138,0),(3002,2931,8.3614590,-62.69437000,252,138,0),(3003,2949,41.3063000,2.14647000,37,29,0),(3004,2949,41.3063000,2.14647000,37,29,0),(3005,2949,41.3063100,2.14648200,37,226,1),(3006,2949,41.3063100,2.14648200,37,226,1),(3007,2949,41.3063000,2.14645200,37,29,0),(3008,2949,41.3063000,2.14645200,37,29,0),(3009,2949,41.3062900,2.14643800,37,29,0),(3010,2949,41.3062900,2.14643800,37,29,0),(3011,2949,41.3063100,2.14649000,37,29,0),(3012,2949,41.3063100,2.14649000,37,29,0),(3013,2950,2.9570600,101.30710000,31,227,0),(3014,2950,2.9570600,101.30710000,31,227,0),(3015,2950,2.9571050,101.30710000,31,235,0),(3016,2950,2.9571050,101.30710000,31,235,0),(3017,2950,2.9570830,101.30710000,31,31,0),(3018,2950,2.9570830,101.30710000,31,31,0),(3019,2935,-23.8709000,-46.37479000,263,343,0),(3020,2935,-23.8709000,-46.37479000,263,343,0),(3021,2936,-33.3507700,-60.17553000,307,239,0),(3022,2936,-33.3507700,-60.17553000,307,239,0),(3023,2938,17.0125000,-61.77259000,248,8,0),(3024,2938,17.0125000,-61.77259000,248,8,0),(3025,2938,17.0125000,-61.77259000,248,112,0),(3026,2938,17.0125000,-61.77259000,248,112,0),(3027,2938,17.0124800,-61.77260000,248,236,0),(3028,2938,17.0124800,-61.77260000,248,236,0),(3029,2938,17.0125000,-61.77259000,248,95,0),(3030,2938,17.0125000,-61.77259000,248,95,0),(3031,2938,17.0124800,-61.77260000,248,235,0),(3032,2938,17.0124800,-61.77260000,248,235,0),(3033,264,43.4043400,4.98916700,4,304,1),(3034,264,43.4043400,4.98916700,4,304,1),(3035,2612,10.6413500,-61.49753000,255,341,0),(3036,2612,10.6413500,-61.49753000,255,341,0),(3037,2612,10.6413500,-61.49754000,255,341,0),(3038,2612,10.6413500,-61.49754000,255,341,0),(3039,2564,51.8269700,4.72400000,77,0,0),(3040,2564,51.8269700,4.72400000,77,0,0),(3041,2564,51.8266700,4.72333300,77,0,0),(3042,2564,51.8266700,4.72333300,77,0,0),(3043,2543,43.5419800,10.29659000,351,270,0),(3044,2543,43.5419800,10.29659000,351,270,0),(3045,2543,43.5419300,10.29659000,351,270,0),(3046,2543,43.5419300,10.29659000,351,270,0),(3047,2543,43.5419700,10.29659000,352,270,1),(3048,2543,43.5419700,10.29659000,352,270,1),(3049,2543,43.5419700,10.29660000,354,270,0),(3050,2543,43.5419700,10.29660000,354,270,0),(3051,2543,43.5419400,10.29659000,353,270,0),(3052,2543,43.5419400,10.29659000,353,270,0),(3053,2545,-34.6421600,-58.34294000,334,293,0),(3054,2545,-34.6421600,-58.34294000,334,293,0),(3055,2545,-34.6424100,-58.34287000,334,293,0),(3056,2545,-34.6424100,-58.34287000,334,293,0),(3057,2545,-34.6421700,-58.34296000,334,293,0),(3058,2545,-34.6421700,-58.34296000,334,293,0),(3059,2545,-34.6422100,-58.34293000,334,293,1),(3060,2545,-34.6422100,-58.34293000,334,293,1),(3061,2545,-34.6422300,-58.34296000,334,293,0),(3062,2545,-34.6422300,-58.34296000,334,293,0),(3063,2523,45.4313800,12.31050000,120,228,0),(3064,2523,45.4313800,12.31050000,120,228,0),(3065,2523,45.4313500,12.31048000,120,228,0),(3066,2523,45.4313500,12.31048000,120,228,0),(3067,2523,45.4313500,12.31049000,120,228,0),(3068,2523,45.4313500,12.31049000,120,228,0),(3069,2523,45.4313800,12.31047000,120,228,0),(3070,2523,45.4313800,12.31047000,120,228,0),(3071,2524,43.8167500,7.78822500,297,280,1),(3072,2524,43.8167500,7.78822500,297,280,1),(3073,2524,43.8167500,7.78818500,297,280,1),(3074,2524,43.8167500,7.78818500,297,280,1),(3075,2524,43.8167300,7.78822300,297,280,1),(3076,2524,43.8167300,7.78822300,297,280,1),(3077,2684,-36.7083200,-72.98998000,350,310,1),(3078,2684,-36.7083200,-72.98998000,350,310,1),(3079,2684,-36.7082100,-72.98999000,350,310,1),(3080,2684,-36.7082100,-72.98999000,350,310,1),(3081,2654,37.9520500,23.59592000,348,321,0),(3082,2654,37.9520500,23.59592000,348,321,0),(3083,2654,37.9520500,23.59592000,348,321,0),(3084,2654,37.9520500,23.59592000,348,321,0),(3085,2654,37.9520500,23.59593000,348,321,0),(3086,2654,37.9520500,23.59593000,348,321,0),(3087,2654,37.9520500,23.59593000,348,321,0),(3088,2654,37.9520500,23.59593000,348,321,0),(3089,2654,37.9520500,23.59593000,348,321,0),(3090,2654,37.9520500,23.59593000,348,321,0),(3091,2657,22.3256700,114.12730000,72,208,0),(3092,2657,22.3256700,114.12730000,72,208,0),(3093,2657,22.3255000,114.12720000,72,171,0),(3094,2657,22.3255000,114.12720000,72,171,0),(3095,2657,22.3256600,114.12740000,72,179,0),(3096,2657,22.3256600,114.12740000,72,179,0),(3097,2657,22.3255300,114.12710000,72,181,0),(3098,2657,22.3255300,114.12710000,72,181,0),(3099,2657,22.3256700,114.12730000,72,181,0),(3100,2657,22.3256700,114.12730000,72,181,0),(3101,2664,24.2776700,120.52460000,330,131,1),(3102,2664,24.2776700,120.52460000,330,131,1),(3103,2664,24.2776700,120.52450000,330,235,1),(3104,2664,24.2776700,120.52450000,330,235,1),(3105,2746,36.6842300,36.19625000,67,272,0),(3106,2746,36.6842300,36.19625000,67,272,0),(3107,2746,36.6842200,36.19625000,67,272,1),(3108,2746,36.6842200,36.19625000,67,272,1),(3109,2746,36.6842100,36.19628000,67,272,0),(3110,2746,36.6842100,36.19628000,67,272,0),(3111,2746,36.6842300,36.19623000,67,272,0),(3112,2746,36.6842300,36.19623000,67,272,0),(3113,2758,-21.0025500,164.66650000,159,227,0),(3114,2758,-21.0025500,164.66650000,159,227,0),(3115,2758,-21.0025400,164.66650000,159,227,0),(3116,2758,-21.0025400,164.66650000,159,227,0),(3117,2758,-21.0025500,164.66650000,159,227,0),(3118,2758,-21.0025500,164.66650000,159,227,0),(3119,2758,-21.0025500,164.66650000,159,227,0),(3120,2758,-21.0025500,164.66650000,159,227,0),(3121,2758,-21.0026000,164.66650000,159,227,0),(3122,2758,-21.0026000,164.66650000,159,227,0),(3123,2733,40.9641300,28.68373000,356,269,0),(3124,2733,40.9641300,28.68373000,356,269,0),(3125,2733,40.9642200,28.68370000,356,312,0),(3126,2733,40.9642200,28.68370000,356,312,0),(3127,2733,40.9641800,28.68369000,356,315,0),(3128,2733,40.9641800,28.68369000,356,315,0),(3129,2733,40.9641500,28.68369000,356,336,0),(3130,2733,40.9641500,28.68369000,356,336,0),(3131,2733,40.9641700,28.68370000,356,290,0),(3132,2733,40.9641700,28.68370000,356,290,0),(3133,2704,43.5801500,10.31728000,194,202,0),(3134,2704,43.5801500,10.31728000,194,202,0),(3135,2704,43.5801800,10.31727000,194,202,0),(3136,2704,43.5801800,10.31727000,194,202,0),(3137,2704,43.5801700,10.31732000,194,202,0),(3138,2704,43.5801700,10.31732000,194,202,0),(3139,2704,43.5802100,10.31726000,194,202,0),(3140,2704,43.5802100,10.31726000,194,202,0),(3141,2704,43.5801600,10.31729000,194,202,0),(3142,2704,43.5801600,10.31729000,194,202,0),(3143,2773,29.8892500,122.05690000,272,195,1),(3144,2773,29.8892500,122.05690000,272,195,1),(3145,2773,29.8888600,122.05690000,272,202,1),(3146,2773,29.8888600,122.05690000,272,202,1),(3147,2773,29.8889500,122.05700000,272,194,1),(3148,2773,29.8889500,122.05700000,272,194,1),(3149,2773,29.8888900,122.05710000,272,304,0),(3150,2773,29.8888900,122.05710000,272,304,0),(3151,2773,29.8888500,122.05710000,272,202,0),(3152,2773,29.8888500,122.05710000,272,202,0),(3153,2790,39.5571500,2.62778200,5,0,0),(3154,2790,39.5571500,2.62778200,5,0,0),(3155,2790,39.5571600,2.62778000,4,0,0),(3156,2790,39.5571600,2.62778000,4,0,0),(3157,2790,39.5571500,2.62778500,4,0,0),(3158,2790,39.5571500,2.62778500,4,0,0),(3159,2790,39.5571600,2.62776000,4,0,0),(3160,2790,39.5571600,2.62776000,4,0,0),(3161,2790,39.5571600,2.62775200,4,0,0),(3162,2790,39.5571600,2.62775200,4,0,0),(3163,1708,38.7656500,26.91536000,156,277,0),(3164,1708,38.7656500,26.91536000,156,277,0),(3165,1655,61.6103300,5.07053700,244,255,0),(3166,1655,61.6103300,5.07053700,244,255,0),(3167,1655,61.6103300,5.07055000,244,255,0),(3168,1655,61.6103300,5.07055000,244,255,0),(3169,1655,61.6103600,5.07057500,244,255,0),(3170,1655,61.6103600,5.07057500,244,255,0),(3171,1655,61.6103300,5.07058300,244,255,0),(3172,1655,61.6103300,5.07058300,244,255,0),(3173,1655,61.6103400,5.07052700,244,255,0),(3174,1655,61.6103400,5.07052700,244,255,0),(3175,1726,16.7878000,96.11899000,180,227,0),(3176,1726,16.7878000,96.11899000,180,227,0),(3177,1726,16.7877900,96.11900000,181,227,0),(3178,1726,16.7877900,96.11900000,181,227,0),(3179,1726,16.7878000,96.11896000,180,227,0),(3180,1726,16.7878000,96.11896000,180,227,0),(3181,1726,16.7877800,96.11896000,181,227,0),(3182,1726,16.7877800,96.11896000,181,227,0),(3183,1774,47.2977900,-2.14850700,241,335,0),(3184,1774,47.2977900,-2.14850700,241,335,0),(3185,1774,47.2978000,-2.14853800,241,335,0),(3186,1774,47.2978000,-2.14853800,241,335,0),(3187,1774,47.2977500,-2.14851300,241,335,0),(3188,1774,47.2977500,-2.14851300,241,335,0),(3189,1774,47.2977600,-2.14853000,241,335,0),(3190,1774,47.2977600,-2.14853000,241,335,0),(3191,1784,51.0136700,2.17984500,346,288,0),(3192,1784,51.0136700,2.17984500,346,288,0),(3193,1784,51.0136500,2.17975700,346,288,0),(3194,1784,51.0136500,2.17975700,346,288,0),(3195,1784,51.0136900,2.17976700,346,288,0),(3196,1784,51.0136900,2.17976700,346,288,0),(3197,1784,51.0136900,2.17975700,346,288,0),(3198,1784,51.0136900,2.17975700,346,288,0),(3199,1784,51.0137200,2.17975700,346,288,0),(3200,1784,51.0137200,2.17975700,346,288,0),(3201,1781,37.3342000,27.26260000,511,314,0),(3202,1781,37.3342000,27.26260000,511,314,0),(3203,1781,37.3342100,27.26261000,511,311,1),(3204,1781,37.3342100,27.26261000,511,311,1),(3205,1781,37.3342200,27.26261000,511,329,0),(3206,1781,37.3342200,27.26261000,511,329,0),(3207,1781,37.3342000,27.26261000,511,330,0),(3208,1781,37.3342000,27.26261000,511,330,0),(3209,659,10.3770200,-75.51075000,160,255,0),(3210,659,10.3770200,-75.51075000,160,255,0),(3211,510,48.3852400,-4.45445500,219,312,0),(3212,510,48.3852400,-4.45445500,219,312,0),(3213,510,48.3852400,-4.45444300,219,87,0),(3214,510,48.3852400,-4.45444300,219,87,0),(3215,510,48.3852300,-4.45445500,219,343,0),(3216,510,48.3852300,-4.45445500,219,343,0),(3217,510,48.3852300,-4.45445500,219,200,0),(3218,510,48.3852300,-4.45445500,219,200,0),(3219,605,51.0165000,2.18050000,74,73,0),(3220,605,51.0165000,2.18050000,74,73,0),(3221,605,51.0165700,2.18053700,74,73,0),(3222,605,51.0165700,2.18053700,74,73,0),(3223,605,51.0165700,2.18053800,74,73,0),(3224,605,51.0165700,2.18053800,74,73,0),(3225,605,51.0165000,2.18050000,74,73,0),(3226,605,51.0165000,2.18050000,74,73,0),(3227,605,51.0165700,2.18053500,74,74,0),(3228,605,51.0165700,2.18053500,74,74,0),(3229,1527,53.8874700,9.18154100,268,269,0),(3230,1527,53.8874700,9.18154100,268,269,0),(3231,1527,53.8874900,9.18154800,268,269,0),(3232,1527,53.8874900,9.18154800,268,269,0),(3233,1527,53.8874800,9.18151500,268,269,0),(3234,1527,53.8874800,9.18151500,268,269,0),(3235,1527,53.8874700,9.18149400,268,269,0),(3236,1527,53.8874700,9.18149400,268,269,0),(3237,1607,26.4999300,50.20735000,192,264,0),(3238,1607,26.4999300,50.20735000,192,264,0),(3239,1607,26.4999200,50.20732000,192,254,0),(3240,1607,26.4999200,50.20732000,192,254,0),(3241,1614,51.0441800,2.34636200,227,156,1),(3242,1614,51.0441800,2.34636200,227,156,1),(3243,1614,51.0441700,2.34635500,227,250,0),(3244,1614,51.0441700,2.34635500,227,250,0),(3245,1614,51.0441700,2.34636800,227,84,0),(3246,1614,51.0441700,2.34636800,227,84,0),(3247,1614,51.0441800,2.34636300,227,138,0),(3248,1614,51.0441800,2.34636300,227,138,0),(3249,1614,51.0441600,2.34638300,227,117,0),(3250,1614,51.0441600,2.34638300,227,117,0),(3251,319,-7.2356000,11.28755000,234,143,1),(3252,319,-7.2356000,11.28755000,234,143,1),(3253,319,-7.2355000,11.28747000,230,140,2),(3254,319,-7.2355000,11.28747000,230,140,2),(3255,319,-7.2354000,11.28738000,227,136,2),(3256,319,-7.2354000,11.28738000,227,136,2),(3257,1535,51.7871600,4.63428700,26,26,0),(3258,1535,51.7871600,4.63428700,26,26,0),(3259,1535,51.7871700,4.63429800,26,26,0),(3260,1535,51.7871700,4.63429800,26,26,0),(3261,1535,51.7871700,4.63427500,26,26,0),(3262,1535,51.7871700,4.63427500,26,26,0),(3263,1535,51.7872000,4.63427700,26,26,0),(3264,1535,51.7872000,4.63427700,26,26,0),(3265,1535,51.7871600,4.63430500,26,26,0),(3266,1535,51.7871600,4.63430500,26,26,0),(3267,1547,41.3422500,2.15047500,6,356,0),(3268,1547,41.3422500,2.15047500,6,356,0),(3269,1547,41.3422500,2.15048500,6,356,0),(3270,1547,41.3422500,2.15048500,6,356,0),(3271,1547,41.3422430,2.15047670,6,356,1),(3272,1547,41.3422430,2.15047670,6,356,1),(3273,1547,41.3422500,2.15046700,6,356,1),(3274,1547,41.3422500,2.15046700,6,356,1),(3275,1547,41.3422600,2.15047700,6,356,0),(3276,1547,41.3422600,2.15047700,6,356,0),(3277,1549,6.9468020,79.83884000,188,325,0),(3278,1549,6.9468020,79.83884000,188,325,0),(3279,1549,6.9468020,79.83885000,188,255,0),(3280,1549,6.9468020,79.83885000,188,255,0),(3281,1549,6.9467950,79.83884000,188,157,0),(3282,1549,6.9467950,79.83884000,188,157,0),(3283,1549,6.9467980,79.83884000,188,226,0),(3284,1549,6.9467980,79.83884000,188,226,0),(3285,1549,6.9468000,79.83884000,188,333,0),(3286,1549,6.9468000,79.83884000,188,333,0),(3287,1643,22.3720000,113.91530000,134,208,1),(3288,1643,22.3720000,113.91530000,134,208,1),(3289,1643,22.3720000,113.91530000,134,205,1),(3290,1643,22.3720000,113.91530000,134,205,1),(3291,1643,22.3721200,113.91550000,134,209,0),(3292,1643,22.3721200,113.91550000,134,209,0),(3293,411,-5.3969750,12.19409000,318,180,1),(3294,411,-5.3969750,12.19409000,318,180,1),(3295,411,-5.3969530,12.19407000,319,293,1),(3296,411,-5.3969530,12.19407000,319,293,1),(3297,411,-5.3969500,12.19409000,319,323,2),(3298,411,-5.3969500,12.19409000,319,323,2),(3299,411,-5.3969560,12.19410000,319,323,2),(3300,411,-5.3969560,12.19410000,319,323,2),(3301,411,-5.3969180,12.19409000,319,333,2),(3302,411,-5.3969180,12.19409000,319,333,2),(3303,390,36.5394500,-6.27186700,338,292,0),(3304,390,36.5394500,-6.27186700,338,292,0),(3305,390,36.5394300,-6.27187500,339,292,1),(3306,390,36.5394300,-6.27187500,339,292,1),(3307,390,36.5394300,-6.27188200,339,292,1),(3308,390,36.5394300,-6.27188200,339,292,1),(3309,390,36.5394600,-6.27188200,339,292,0),(3310,390,36.5394600,-6.27188200,339,292,0),(3311,390,36.5394500,-6.27187800,339,292,1),(3312,390,36.5394500,-6.27187800,339,292,1),(3313,394,25.9222000,51.59743000,54,305,0),(3314,394,25.9222000,51.59743000,54,305,0),(3315,401,25.4680400,55.50744000,209,322,0),(3316,401,25.4680400,55.50744000,209,322,0),(3317,401,25.4680700,55.50745000,209,322,0),(3318,401,25.4680700,55.50745000,209,322,0),(3319,401,25.4680300,55.50741000,209,322,0),(3320,401,25.4680300,55.50741000,209,322,0),(3321,401,25.4680500,55.50737000,209,322,0),(3322,401,25.4680500,55.50737000,209,322,0),(3323,401,25.4680300,55.50739000,209,322,0),(3324,401,25.4680300,55.50739000,209,322,0),(3325,354,51.8774600,4.29661200,69,158,3),(3326,354,51.8774600,4.29661200,69,158,3),(3327,354,51.8774500,4.29661700,69,158,2),(3328,354,51.8774500,4.29661700,69,158,2),(3329,354,51.8775000,4.29666700,69,23,1),(3330,354,51.8775000,4.29666700,69,23,1),(3331,354,51.8775000,4.29666700,69,68,0),(3332,354,51.8775000,4.29666700,69,68,0),(3333,198,43.4031700,4.98883300,3,67,0),(3334,198,43.4031700,4.98883300,3,67,0),(3335,461,35.8963000,-5.49994700,49,275,0),(3336,461,35.8963000,-5.49994700,49,275,0),(3337,461,35.8962700,-5.49991300,49,275,0),(3338,461,35.8962700,-5.49991300,49,275,0),(3339,461,35.8963000,-5.49992000,49,275,0),(3340,461,35.8963000,-5.49992000,49,275,0),(3341,461,35.8962900,-5.49993000,49,275,0),(3342,461,35.8962900,-5.49993000,49,275,0),(3343,461,35.8962900,-5.49992500,50,275,0),(3344,461,35.8962900,-5.49992500,50,275,0),(3345,487,37.3376100,126.59020000,92,356,0),(3346,487,37.3376100,126.59020000,92,356,0),(3347,487,37.3376100,126.59010000,92,356,0),(3348,487,37.3376100,126.59010000,92,356,0),(3349,487,37.3376400,126.59010000,92,356,0),(3350,487,37.3376400,126.59010000,92,356,0),(3351,487,37.3376100,126.59010000,92,356,0),(3352,487,37.3376100,126.59010000,92,356,0),(3353,487,37.3375900,126.59010000,92,356,0),(3354,487,37.3375900,126.59010000,92,356,0),(3355,1448,37.9590500,23.56202000,8,30,0),(3356,1448,37.9590500,23.56202000,8,30,0),(3357,1448,37.9590300,23.56199000,8,20,0),(3358,1448,37.9590300,23.56199000,8,20,0),(3359,1448,37.9590500,23.56201000,8,17,0),(3360,1448,37.9590500,23.56201000,8,17,0),(3361,1448,37.9590600,23.56199000,8,1,0),(3362,1448,37.9590600,23.56199000,8,1,0),(3363,1448,37.9590400,23.56198000,8,358,0),(3364,1448,37.9590400,23.56198000,8,358,0),(3365,1450,43.1939700,27.90104000,358,99,0),(3366,1450,43.1939700,27.90104000,358,99,0),(3367,1450,43.1940300,27.90103000,358,99,0),(3368,1450,43.1940300,27.90103000,358,99,0),(3369,1450,43.1940000,27.90099000,358,99,0),(3370,1450,43.1940000,27.90099000,358,99,0),(3371,1450,43.1939700,27.90108000,358,99,0),(3372,1450,43.1939700,27.90108000,358,99,0),(3373,1450,43.1940200,27.90109000,358,99,0),(3374,1450,43.1940200,27.90109000,358,99,0),(3375,1842,25.1843700,56.35869000,0,284,0),(3376,1842,25.1843700,56.35869000,0,284,0),(3377,1842,25.1843500,56.35875000,0,284,0),(3378,1842,25.1843500,56.35875000,0,284,0),(3379,1842,25.1843600,56.35875000,0,284,1),(3380,1842,25.1843600,56.35875000,0,284,1),(3381,1842,25.1843800,56.35873000,0,284,0),(3382,1842,25.1843800,56.35873000,0,284,0),(3383,1842,25.1843500,56.35885000,0,284,0),(3384,1842,25.1843500,56.35885000,0,284,0),(3385,1797,40.8425300,14.27748000,202,212,0),(3386,1797,40.8425300,14.27748000,202,212,0),(3387,1797,40.8424700,14.27750000,202,212,0),(3388,1797,40.8424700,14.27750000,202,212,0),(3389,1797,40.8425100,14.27744000,201,212,0),(3390,1797,40.8425100,14.27744000,201,212,0),(3391,1797,40.8425100,14.27742000,201,212,0),(3392,1797,40.8425100,14.27742000,201,212,0),(3393,1797,40.8424900,14.27747000,201,212,0),(3394,1797,40.8424900,14.27747000,201,212,0),(3395,1809,1.3075030,103.64440000,225,355,0),(3396,1809,1.3075030,103.64440000,225,355,0),(3397,1809,1.3074880,103.64440000,225,355,0),(3398,1809,1.3074880,103.64440000,225,355,0),(3399,1809,1.3074980,103.64440000,225,11,0),(3400,1809,1.3074980,103.64440000,225,11,0),(3401,1809,1.3074880,103.64450000,225,6,0),(3402,1809,1.3074880,103.64450000,225,6,0),(3403,1991,29.9380800,122.26140000,288,244,0),(3404,1991,29.9380800,122.26140000,288,244,0),(3405,1991,29.9380800,122.26140000,288,23,0),(3406,1991,29.9380800,122.26140000,288,23,0),(3407,1991,29.9380800,122.26140000,288,267,0),(3408,1991,29.9380800,122.26140000,288,267,0),(3409,1991,29.9380800,122.26140000,288,289,0),(3410,1991,29.9380800,122.26140000,288,289,0),(3411,1991,29.9380800,122.26140000,288,239,0),(3412,1991,29.9380800,122.26140000,288,239,0),(3413,2002,-3.1493750,-58.51001000,240,134,0),(3414,2002,-3.1493750,-58.51001000,240,134,0),(3415,2002,-3.1493650,-58.51006000,240,131,0),(3416,2002,-3.1493650,-58.51006000,240,131,0),(3417,2002,-3.1493650,-58.51004000,240,131,0),(3418,2002,-3.1493650,-58.51004000,240,131,0),(3419,2002,-3.1493550,-58.51007000,239,134,0),(3420,2002,-3.1493550,-58.51007000,239,134,0),(3421,2002,-3.1493830,-58.51004000,240,131,0),(3422,2002,-3.1493830,-58.51004000,240,131,0),(3423,2006,29.7218900,-95.23769000,55,253,0),(3424,2006,29.7218900,-95.23769000,55,253,0),(3425,2006,29.7219200,-95.23769000,55,253,0),(3426,2006,29.7219200,-95.23769000,55,253,0),(3427,2006,29.7219100,-95.23771000,55,253,0),(3428,2006,29.7219100,-95.23771000,55,253,0),(3429,2006,29.7218900,-95.23768000,55,253,0),(3430,2006,29.7218900,-95.23768000,55,253,0),(3431,2006,29.7219000,-95.23771000,55,253,0),(3432,2006,29.7219000,-95.23771000,55,253,0),(3433,2007,59.1222500,9.61521000,30,36,0),(3434,2007,59.1222500,9.61521000,30,36,0),(3435,2007,59.1223200,9.61522700,30,36,0),(3436,2007,59.1223200,9.61522700,30,36,0),(3437,2007,59.1222400,9.61527600,30,36,0),(3438,2007,59.1222400,9.61527600,30,36,0),(3439,2007,59.1222800,9.61522300,30,36,0),(3440,2007,59.1222800,9.61522300,30,36,0),(3441,2044,-22.9317700,-43.83455000,266,252,0),(3442,2044,-22.9317700,-43.83455000,266,252,0),(3443,2044,-22.9317800,-43.83455000,266,354,1),(3444,2044,-22.9317800,-43.83455000,266,354,1),(3445,2099,14.6767900,-17.42649000,198,252,0),(3446,2099,14.6767900,-17.42649000,198,252,0),(3447,2099,14.6767800,-17.42649000,198,252,0),(3448,2099,14.6767800,-17.42649000,198,252,0),(3449,2099,14.6768000,-17.42649000,198,252,0),(3450,2099,14.6768000,-17.42649000,198,252,0),(3451,2107,30.1898900,122.06230000,12,102,1),(3452,2107,30.1898900,122.06230000,12,102,1),(3453,2107,30.1898800,122.06230000,12,12,0),(3454,2107,30.1898800,122.06230000,12,12,0),(3455,2107,30.1898900,122.06230000,12,12,0),(3456,2107,30.1898900,122.06230000,12,12,0),(3457,2107,30.1899700,122.06230000,12,12,0),(3458,2107,30.1899700,122.06230000,12,12,0),(3459,2161,29.5305900,34.94100000,216,292,1),(3460,2161,29.5305900,34.94100000,216,292,1),(3461,2161,29.5306100,34.94098000,216,282,0),(3462,2161,29.5306100,34.94098000,216,282,0),(3463,2161,29.5305700,34.94101000,216,260,0),(3464,2161,29.5305700,34.94101000,216,260,0),(3465,2161,29.5305900,34.94099000,216,260,0),(3466,2161,29.5305900,34.94099000,216,260,0),(3467,2121,32.2459600,119.53330000,309,44,0),(3468,2121,32.2459600,119.53330000,309,44,0),(3469,2121,32.2459700,119.53330000,309,44,0),(3470,2121,32.2459700,119.53330000,309,44,0),(3471,2121,32.2459700,119.53330000,309,44,0),(3472,2121,32.2459700,119.53330000,309,44,0),(3473,2173,-20.3160700,118.56930000,354,333,0),(3474,2173,-20.3160700,118.56930000,354,333,0),(3475,2173,-20.3160700,118.56930000,354,333,0),(3476,2173,-20.3160700,118.56930000,354,333,0),(3477,2173,-20.3160600,118.56930000,354,333,0),(3478,2173,-20.3160600,118.56930000,354,333,0),(3479,2173,-20.3160800,118.56930000,354,333,0),(3480,2173,-20.3160800,118.56930000,354,333,0),(3481,2215,43.5888000,-5.92881500,82,10,0),(3482,2215,43.5888000,-5.92881500,82,10,0),(3483,2215,43.5888000,-5.92879300,82,122,0),(3484,2215,43.5888000,-5.92879300,82,122,0),(3485,2215,43.5888100,-5.92878000,82,10,1),(3486,2215,43.5888100,-5.92878000,82,10,1),(3487,2215,43.5888200,-5.92876700,82,52,0),(3488,2215,43.5888200,-5.92876700,82,52,0),(3489,2215,43.5888100,-5.92879800,82,23,0),(3490,2215,43.5888100,-5.92879800,82,23,0),(3491,2218,46.8453500,31.96992000,211,356,0),(3492,2218,46.8453500,31.96992000,211,356,0),(3493,2218,46.8453500,31.96991000,211,356,0),(3494,2218,46.8453500,31.96991000,211,356,0),(3495,2218,46.8453400,31.96991000,211,356,0),(3496,2218,46.8453400,31.96991000,211,356,0),(3497,2218,46.8453700,31.96989000,211,356,0),(3498,2218,46.8453700,31.96989000,211,356,0),(3499,2218,46.8453700,31.96989000,211,356,0),(3500,2218,46.8453700,31.96989000,211,356,0),(3501,2249,45.3942100,28.02335000,181,241,1),(3502,2249,45.3942100,28.02335000,181,241,1),(3503,2249,45.3941200,28.02331000,181,241,1),(3504,2249,45.3941200,28.02331000,181,241,1),(3505,2249,45.3942000,28.02339000,181,241,0),(3506,2249,45.3942000,28.02339000,181,241,0),(3507,2249,45.3942000,28.02342000,181,241,1),(3508,2249,45.3942000,28.02342000,181,241,1),(3509,2251,53.1253900,8.71774000,19,213,0),(3510,2251,53.1253900,8.71774000,19,213,0),(3511,2251,53.1253800,8.71774200,19,213,0),(3512,2251,53.1253800,8.71774200,19,213,0),(3513,2239,41.3409700,2.15029500,4,0,0),(3514,2239,41.3409700,2.15029500,4,0,0),(3515,2239,41.3409600,2.15030300,4,0,0),(3516,2239,41.3409600,2.15030300,4,0,0),(3517,2239,41.3409500,2.15033700,4,0,0),(3518,2239,41.3409500,2.15033700,4,0,0),(3519,2302,23.0255200,113.52310000,338,187,1),(3520,2302,23.0255200,113.52310000,338,187,1),(3521,2302,23.0254800,113.52300000,338,189,1),(3522,2302,23.0254800,113.52300000,338,189,1),(3523,2302,23.0255200,113.52290000,338,203,1),(3524,2302,23.0255200,113.52290000,338,203,1),(3525,2302,23.0255000,113.52290000,338,205,1),(3526,2302,23.0255000,113.52290000,338,205,1),(3527,2302,23.0255200,113.52290000,338,204,1),(3528,2302,23.0255200,113.52290000,338,204,1),(3529,2277,36.1210800,-5.35855300,285,170,2),(3530,2277,36.1210800,-5.35855300,285,170,2),(3531,2277,36.1209400,-5.35853700,289,172,2),(3532,2277,36.1209400,-5.35853700,289,172,2),(3533,2277,36.1208300,-5.35855800,292,192,2),(3534,2277,36.1208300,-5.35855800,292,192,2),(3535,2277,36.1207100,-5.35856000,295,208,1),(3536,2277,36.1207100,-5.35856000,295,208,1),(3537,2388,29.9402500,122.25320000,109,213,1),(3538,2388,29.9402500,122.25320000,109,213,1),(3539,2388,29.9401800,122.25340000,109,213,1),(3540,2388,29.9401800,122.25340000,109,213,1),(3541,2388,29.9402200,122.25330000,109,213,0),(3542,2388,29.9402200,122.25330000,109,213,0),(3543,2388,29.9402300,122.25330000,109,213,0),(3544,2388,29.9402300,122.25330000,109,213,0),(3545,2357,23.1902070,-106.41561000,196,256,0),(3546,2357,23.1902070,-106.41561000,196,256,0),(3547,2357,23.1901600,-106.41560000,196,197,0),(3548,2357,23.1901600,-106.41560000,196,197,0),(3549,2357,23.1901900,-106.41560000,196,256,0),(3550,2357,23.1901900,-106.41560000,196,256,0),(3551,2357,23.1901800,-106.41560000,196,41,0),(3552,2357,23.1901800,-106.41560000,196,41,0),(3553,2357,23.1901900,-106.41560000,196,41,0),(3554,2357,23.1901900,-106.41560000,196,41,0),(3555,2416,38.7671800,26.91456000,154,328,0),(3556,2416,38.7671800,26.91456000,154,328,0),(3557,2416,38.7672400,26.91442000,154,328,0),(3558,2416,38.7672400,26.91442000,154,328,0),(3559,2416,38.7671700,26.91451000,154,328,0),(3560,2416,38.7671700,26.91451000,154,328,0),(3561,2416,38.7672100,26.91450000,154,328,0),(3562,2416,38.7672100,26.91450000,154,328,0),(3563,2425,-0.9332167,-80.72095000,261,183,1),(3564,2425,-0.9332167,-80.72095000,261,183,1),(3565,2425,-0.9332167,-80.72095000,261,81,0),(3566,2425,-0.9332167,-80.72095000,261,81,0),(3567,2425,-0.9332167,-80.72095000,261,138,0),(3568,2425,-0.9332167,-80.72095000,261,138,0),(3569,2425,-0.9332167,-80.72093000,261,33,0),(3570,2425,-0.9332167,-80.72093000,261,33,0),(3571,2425,-0.9332167,-80.72095000,261,169,1),(3572,2425,-0.9332167,-80.72095000,261,169,1),(3573,2432,21.5686700,108.33530000,353,223,0),(3574,2432,21.5686700,108.33530000,353,223,0),(3575,2432,21.5687000,108.33530000,353,223,0),(3576,2432,21.5687000,108.33530000,353,223,0),(3577,2432,21.5686800,108.33530000,353,57,0),(3578,2432,21.5686800,108.33530000,353,57,0),(3579,2432,21.5687000,108.33530000,353,57,0),(3580,2432,21.5687000,108.33530000,353,57,0),(3581,2442,34.6665600,33.04140000,169,0,0),(3582,2442,34.6665600,33.04140000,169,0,0),(3583,2442,34.6665500,33.04141000,169,0,0),(3584,2442,34.6665500,33.04141000,169,0,0),(3585,2442,34.6665500,33.04139000,169,0,0),(3586,2442,34.6665500,33.04139000,169,0,0),(3587,2442,34.6665400,33.04140000,169,0,0),(3588,2442,34.6665400,33.04140000,169,0,0),(3589,2442,34.6665500,33.04140000,169,0,0),(3590,2442,34.6665500,33.04140000,169,0,0),(3591,2444,31.8339800,34.64959000,269,89,1),(3592,2444,31.8339800,34.64959000,269,89,1),(3593,2444,31.8339900,34.64957000,269,359,1),(3594,2444,31.8339900,34.64957000,269,359,1),(3595,2444,31.8339800,34.64957000,269,269,0),(3596,2444,31.8339800,34.64957000,269,269,0),(3597,2444,31.8340100,34.64954000,269,269,1),(3598,2444,31.8340100,34.64954000,269,269,1),(3599,2468,44.1709600,28.65606000,254,0,0),(3600,2468,44.1709600,28.65606000,254,0,0),(3601,2468,44.1709700,28.65608000,254,0,0),(3602,2468,44.1709700,28.65608000,254,0,0),(3603,2468,44.1709300,28.65609000,254,290,0),(3604,2468,44.1709300,28.65609000,254,290,0),(3605,2468,44.1709600,28.65612000,254,0,0),(3606,2468,44.1709600,28.65612000,254,0,0),(3607,2400,39.4430000,-0.30516670,181,282,1),(3608,2400,39.4430000,-0.30516670,181,282,1),(3609,2400,39.4430000,-0.30516670,181,278,0),(3610,2400,39.4430000,-0.30516670,181,278,0),(3611,2400,39.4430000,-0.30516670,181,151,0),(3612,2400,39.4430000,-0.30516670,181,151,0),(3613,2401,42.9397700,10.55942000,511,327,0),(3614,2401,42.9397700,10.55942000,511,327,0),(3615,2401,42.9397700,10.55941000,511,86,1),(3616,2401,42.9397700,10.55941000,511,86,1),(3617,2516,-32.5820200,-60.78207000,329,268,0),(3618,2516,-32.5820200,-60.78207000,329,268,0),(3619,2516,-32.5819500,-60.78216000,329,268,0),(3620,2516,-32.5819500,-60.78216000,329,268,0),(3621,2516,-32.5819800,-60.78215000,329,268,0),(3622,2516,-32.5819800,-60.78215000,329,268,0),(3623,2516,-32.5820500,-60.78207000,329,268,0),(3624,2516,-32.5820500,-60.78207000,329,268,0),(3625,2516,-32.5819800,-60.78214000,329,268,0),(3626,2516,-32.5819800,-60.78214000,329,268,0),(3627,2488,51.5053700,0.51784830,63,15,0),(3628,2488,51.5053700,0.51784830,63,15,0),(3629,2488,51.5053700,0.51783340,62,15,0),(3630,2488,51.5053700,0.51783340,62,15,0),(3631,2488,51.5053900,0.51788830,58,15,1),(3632,2488,51.5053900,0.51788830,58,15,1),(3633,2488,51.5054100,0.51786000,64,15,0),(3634,2488,51.5054100,0.51786000,64,15,0),(3635,678,46.2759200,-1.81795700,511,183,88),(3636,678,46.2759200,-1.81795700,511,183,88),(3637,678,46.2886000,-1.81611300,511,184,92),(3638,678,46.2886000,-1.81611300,511,184,92),(3639,678,46.2926700,-1.81561000,511,183,87),(3640,678,46.2926700,-1.81561000,511,183,87),(3641,771,47.8330400,-5.21584200,261,97,33),(3642,771,47.8330400,-5.21584200,261,97,33),(3643,771,47.8327900,-5.21427000,261,106,31),(3644,771,47.8327900,-5.21427000,261,106,31),(3645,771,47.8315200,-5.20789700,261,106,23),(3646,771,47.8315200,-5.20789700,261,106,23),(3647,2714,40.8405100,14.27209000,511,0,0),(3648,2714,40.8405100,14.27209000,511,0,0),(3649,2714,40.8405000,14.27211000,511,0,0),(3650,2714,40.8405000,14.27211000,511,0,0),(3651,2714,40.8404900,14.27211000,511,0,0),(3652,2714,40.8404900,14.27211000,511,0,0),(3653,2714,40.8405000,14.27214000,511,0,0),(3654,2714,40.8405000,14.27214000,511,0,0),(3655,439,-5.2642250,11.57386000,92,98,5),(3656,439,-5.2642250,11.57386000,92,98,5),(3657,439,-5.2642220,11.57386000,96,97,3),(3658,439,-5.2642220,11.57386000,96,97,3),(3659,439,-5.2641670,11.57390000,94,84,4),(3660,439,-5.2641670,11.57390000,94,84,4),(3661,439,-5.2642150,11.57384000,95,118,5),(3662,439,-5.2642150,11.57384000,95,118,5),(3663,439,-5.2641550,11.57386000,95,101,4),(3664,439,-5.2641550,11.57386000,95,101,4),(3665,439,-5.2641720,11.57386000,94,102,3),(3666,439,-5.2641720,11.57386000,94,102,3),(3667,439,-5.2641900,11.57390000,93,90,3),(3668,439,-5.2641900,11.57390000,93,90,3),(3669,439,-5.2642150,11.57390000,93,93,3),(3670,439,-5.2642150,11.57390000,93,93,3),(3671,439,-5.2642180,11.57390000,93,104,4),(3672,439,-5.2642180,11.57390000,93,104,4),(3673,439,-5.2642140,11.57391000,94,90,8),(3674,439,-5.2642140,11.57391000,94,90,8),(3675,439,-5.2642120,11.57390000,96,112,2),(3676,439,-5.2642120,11.57390000,96,112,2),(3677,439,-5.2642140,11.57391000,97,91,4),(3678,439,-5.2642140,11.57391000,97,91,4),(3679,439,-5.2641840,11.57390000,98,89,6),(3680,439,-5.2641840,11.57390000,98,89,6),(3681,446,-8.7919390,13.25916000,172,112,3),(3682,446,-8.7919390,13.25916000,172,112,3),(3683,446,-8.7918680,13.25904000,206,290,1),(3684,446,-8.7918680,13.25904000,206,290,1),(3685,446,-8.7919200,13.25922000,239,295,2),(3686,446,-8.7919200,13.25922000,239,295,2),(3687,446,-8.7918790,13.25893000,201,274,2),(3688,446,-8.7918790,13.25893000,201,274,2),(3689,446,-8.7918860,13.25897000,158,110,2),(3690,446,-8.7918860,13.25897000,158,110,2),(3691,259,-6.2371650,11.52332000,253,252,291),(3692,259,-6.2371650,11.52332000,253,252,291),(3693,259,-6.2352050,11.52973000,254,253,287),(3694,259,-6.2352050,11.52973000,254,253,287),(3695,259,-6.2415100,11.50940000,255,252,291),(3696,259,-6.2415100,11.50940000,255,252,291),(3697,259,-6.2395670,11.51559000,254,252,292),(3698,259,-6.2395670,11.51559000,254,252,292),(3699,259,-6.2279800,11.55369000,253,253,297),(3700,259,-6.2279800,11.55369000,253,253,297),(3701,259,-6.2292330,11.54947000,254,253,295),(3702,259,-6.2292330,11.54947000,254,253,295),(3703,259,-6.2326920,11.53798000,253,253,290),(3704,259,-6.2326920,11.53798000,253,253,290),(3705,259,-6.2304850,11.54528000,253,253,291),(3706,259,-6.2304850,11.54528000,253,253,291),(3707,259,-6.2267400,11.55791000,253,253,294),(3708,259,-6.2267400,11.55791000,253,253,294),(3709,259,-6.2253420,11.56264000,255,253,295),(3710,259,-6.2253420,11.56264000,255,253,295),(3711,259,-6.2235570,11.56870000,254,253,295),(3712,259,-6.2235570,11.56870000,254,253,295),(3713,259,-6.2508850,11.47979000,254,252,285),(3714,259,-6.2508850,11.47979000,254,252,285),(3715,259,-6.2494400,11.48432000,252,252,283),(3716,259,-6.2494400,11.48432000,252,252,283),(3717,259,-6.2536000,11.47121000,254,252,286),(3718,259,-6.2536000,11.47121000,254,252,286),(3719,259,-6.2523200,11.47525000,253,252,286),(3720,259,-6.2523200,11.47525000,253,252,286),(3721,259,-6.2462320,11.49448000,255,252,287),(3722,259,-6.2462320,11.49448000,255,252,287),(3723,259,-6.2476770,11.48989000,251,253,284),(3724,259,-6.2476770,11.48989000,251,253,284),(3725,259,-6.2564980,11.46203000,252,252,288),(3726,259,-6.2564980,11.46203000,252,252,288),(3727,259,-6.2576930,11.45821000,252,253,283),(3728,259,-6.2576930,11.45821000,252,253,283),(3729,307,50.5809700,-1.89015700,182,184,171),(3730,307,50.5809700,-1.89015700,182,184,171),(3731,307,50.5865500,-1.88970800,177,182,171),(3732,307,50.5865500,-1.88970800,177,182,171),(3733,307,50.5719700,-1.89619700,212,212,168),(3734,307,50.5719700,-1.89619700,212,212,168),(3735,307,50.5762500,-1.89226800,201,201,168),(3736,307,50.5762500,-1.89226800,201,201,168),(3737,307,50.6025800,-1.88931800,177,180,170),(3738,307,50.6025800,-1.88931800,177,180,170),(3739,307,50.6078500,-1.88924500,177,180,170),(3740,307,50.6078500,-1.88924500,177,180,170),(3741,307,50.5974500,-1.88937000,176,179,171),(3742,307,50.5974500,-1.88937000,176,179,171),(3743,307,50.5917600,-1.88947300,178,182,171),(3744,307,50.5917600,-1.88947300,178,182,171),(3745,307,50.5507000,-1.91846000,211,214,175),(3746,307,50.5507000,-1.91846000,211,214,175),(3747,307,50.5454900,-1.92405300,212,215,174),(3748,307,50.5454900,-1.92405300,212,215,174),(3749,307,50.5676000,-1.90067700,211,212,172),(3750,307,50.5676000,-1.90067700,211,212,172),(3751,307,50.5631200,-1.90531800,211,213,174),(3752,307,50.5631200,-1.90531800,211,213,174),(3753,307,50.5586900,-1.90995700,211,213,174),(3754,307,50.5586900,-1.90995700,211,213,174),(3755,307,50.5543300,-1.91456800,211,214,175),(3756,307,50.5543300,-1.91456800,211,214,175);
/*!40000 ALTER TABLE `positions` ENABLE KEYS */;
UNLOCK TABLES;

--
-- Table structure for table `statuses`
--

DROP TABLE IF EXISTS `statuses`;
/*!40101 SET @saved_cs_client     = @@character_set_client */;
/*!40101 SET character_set_client = utf8 */;
CREATE TABLE `statuses` (
  `id_status` int(11) NOT NULL AUTO_INCREMENT,
  `name` varchar(26) NOT NULL,
  PRIMARY KEY (`id_status`)
) ENGINE=InnoDB AUTO_INCREMENT=8 DEFAULT CHARSET=latin1;
/*!40101 SET character_set_client = @saved_cs_client */;

--
-- Dumping data for table `statuses`
--

LOCK TABLES `statuses` WRITE;
/*!40000 ALTER TABLE `statuses` DISABLE KEYS */;
INSERT INTO `statuses` VALUES (1,'Underway using Engine'),(2,'At Anchor'),(3,'Moored'),(4,'Engaged in Fishing'),(5,'Restricted Manoeuvrability'),(6,'Undefined'),(7,'Underway by Sail');
/*!40000 ALTER TABLE `statuses` ENABLE KEYS */;
UNLOCK TABLES;

--
-- Table structure for table `types`
--

DROP TABLE IF EXISTS `types`;
/*!40101 SET @saved_cs_client     = @@character_set_client */;
/*!40101 SET character_set_client = utf8 */;
CREATE TABLE `types` (
  `id_type` int(11) NOT NULL AUTO_INCREMENT,
  `name` varchar(29) NOT NULL,
  PRIMARY KEY (`id_type`)
) ENGINE=InnoDB AUTO_INCREMENT=38 DEFAULT CHARSET=latin1;
/*!40101 SET character_set_client = @saved_cs_client */;

--
-- Dumping data for table `types`
--

LOCK TABLES `types` WRITE;
/*!40000 ALTER TABLE `types` DISABLE KEYS */;
INSERT INTO `types` VALUES (1,'Trawler'),(2,'Passenger Ship'),(3,'Tug'),(4,'Fire Fighting Vessel'),(5,'Fishing Vessel'),(6,'Container Ship'),(7,'LPG Tanker'),(8,'Oil/Chemical Tanker'),(9,'Anchor Handling Vessel'),(10,'Offshore Supply Ship'),(11,'Supply Vessel'),(12,'Asphalt/Bitumen Tanker'),(13,'Inland Tanker'),(14,'Bulk Carrier'),(15,'Crude Oil Tanker'),(16,'Yacht'),(17,'General Cargo'),(18,'Oil Products Tanker'),(19,'LNG Tanker'),(20,'Bunkering Tanker'),(21,'Multi Purpose Offshore Vessel'),(22,'Ro-Ro Cargo'),(23,'Shuttle Tanker'),(24,'Cargo Barge'),(25,'Chemical Tanker'),(26,'Reefer'),(27,'Cement Carrier'),(28,'Cargo/Containership'),(29,'Cable Layer'),(30,'Tug/Supply Vessel'),(31,'Research/Survey Vessel'),(32,'Hopper Dredger'),(33,'Offshore Construction Jack Up'),(34,'Accommodation Vessel'),(35,'Ro-Ro/Container Carrier'),(36,'Pipe Layer'),(37,'High Speed Craft');
/*!40000 ALTER TABLE `types` ENABLE KEYS */;
UNLOCK TABLES;

--
-- Table structure for table `vessels`
--

DROP TABLE IF EXISTS `vessels`;
/*!40101 SET @saved_cs_client     = @@character_set_client */;
/*!40101 SET character_set_client = utf8 */;
CREATE TABLE `vessels` (
  `id_vessel` int(11) NOT NULL AUTO_INCREMENT,
  `mmsi` int(11) NOT NULL,
  `callsign` varchar(10) DEFAULT NULL,
  `imo` int(11) NOT NULL,
  `length` decimal(6,2) NOT NULL,
  `width` decimal(6,2) NOT NULL,
  `draught` int(11) NOT NULL,
  PRIMARY KEY (`id_vessel`)
) ENGINE=InnoDB AUTO_INCREMENT=2951 DEFAULT CHARSET=latin1;
/*!40101 SET character_set_client = @saved_cs_client */;

--
-- Dumping data for table `vessels`
--

LOCK TABLES `vessels` WRITE;
/*!40000 ALTER TABLE `vessels` DISABLE KEYS */;
INSERT INTO `vessels` VALUES (19,246836000,'PCOS',9628855,34.50,8.33,21),(33,228259600,'FMKQ',9417610,24.99,7.00,33),(50,228263700,'FMLW',9364980,165.00,26.80,63),(91,228267700,'FNKP',9398814,24.99,9.50,42),(127,228278826,'FNMP',9398826,24.99,9.50,40),(149,228283600,'FNNP',9422184,30.25,11.00,51),(154,228283700,'FNNQ',9422172,30.25,11.00,51),(158,228284800,'FLEF',9393709,30.30,10.40,52),(164,228285700,'FNNY',9462110,23.30,8.24,45),(177,228287800,'FNOF',9393711,30.30,10.40,50),(178,228287900,'FNOI',9393723,30.30,10.40,53),(198,228292700,'FNQL',9406984,89.20,13.80,50),(203,228293600,'FNQN',9393747,30.30,10.40,31),(209,228293700,'FNQP',9393735,30.30,10.40,51),(226,228296800,'FNQY',9475961,24.99,9.50,48),(227,228296900,'FNQZ',9434010,24.99,9.50,50),(245,228301600,'FNRM',9244465,27.85,8.50,52),(246,228301700,'FNRN',9478731,29.90,10.80,62),(259,228305900,'FNJZ',9499711,34.00,6.70,14),(264,228306800,'FNPK',9539004,89.20,13.80,35),(267,228308600,'FLEV',8027781,78.35,13.64,56),(302,228315600,'FNUY',9453559,365.50,51.20,144),(307,228315700,'FMLR',9170999,154.50,22.74,59),(319,311000270,'C6BI3',9387542,333.13,60.00,34),(320,228316800,'FNVK',9454395,365.50,51.20,110),(326,256609000,'9HA3963',9409156,154.00,25.50,54),(341,228320600,'FMBZ',9291602,105.50,16.80,64),(354,354431000,'3EXV9',9310305,140.00,23.00,78),(387,657122100,'5NXA8',9320934,67.39,15.40,48),(389,228322600,'FMGV',9340403,67.39,15.40,58),(390,228322700,'FNRB',9319715,90.70,18.85,55),(394,376416000,'J8B5650',9394105,73.20,16.50,54),(401,374425000,'3FQA4',9331323,73.20,16.50,40),(402,228323900,'FMDR',9307463,73.20,16.50,39),(411,228324700,'FMGF',9307451,73.20,16.50,52),(413,228324800,'FMFG',9307475,73.20,16.50,48),(414,657145500,'5OAA2',9331294,73.20,16.50,45),(422,357029000,'3FWF5',9372705,64.80,16.00,48),(438,228327700,'FVGR',9281970,69.70,17.20,49),(439,228327800,'FTSZ',9280421,32.50,11.95,50),(446,228328700,'FMHS',9377468,34.33,6.70,14),(455,355764000,'HO7184',9499709,34.03,6.70,14),(456,253596000,'LXGP',9285586,77.30,18.00,45),(457,538007634,'V7YG7',9391531,183.00,32.20,86),(461,228330600,'FMLN',9333814,143.00,23.00,69),(463,228330700,'FMLM',9333802,143.00,23.00,73),(466,228330800,'FNKK',9377066,119.54,20.00,64),(472,253124000,'LXQS',9382114,120.98,17.20,57),(475,236662000,'ZDPD8',9327504,129.00,22.00,60),(487,228333700,'FMLU',9320075,289.60,43.35,114),(501,228335900,'FMEL',9299783,334.07,42.80,139),(510,228337700,'FMJD',9306495,289.60,43.35,72),(517,228337900,'FLSQ',9450624,334.04,42.80,100),(544,228338600,'FMEK',9299630,334.07,42.80,105),(553,228339600,'FLSU',9450648,334.00,42.80,123),(560,228340900,'FMFT',9299795,334.07,42.80,115),(580,228343900,'FMFS',9299642,349.00,42.80,136),(584,244130717,'PDFT',9566318,85.00,15.85,60),(587,228344800,'FLTF',9502702,32.00,11.60,53),(605,228349600,'FNOP',9431630,170.00,27.20,85),(611,228349800,'FLTR',9108025,28.50,7.50,48),(618,228353600,'FMEJ',9299628,334.07,42.80,127),(659,228354600,'FMHR',9299654,349.00,42.80,124),(678,228367000,'FQVN',8968466,22.89,6.00,0),(771,228394000,'FGIP',8873908,24.83,6.00,0),(1153,228858000,'FTMJ',6523614,31.86,7.22,45),(1187,228904000,'FHVD',8862351,24.44,5.00,0),(1248,228935000,'FQBA',9183219,23.50,6.00,38),(1394,244750341,'PE6580',9533311,110.00,11.47,2),(1448,229001000,'9HA2978',7827213,162.00,24.00,61),(1450,247381900,'IBWI',9556844,157.00,24.80,98),(1456,229003000,'9HA2980',9621869,189.99,28.50,65),(1459,538008873,'V7A2858',9580962,161.68,23.00,67),(1461,229005000,'9HA2982',9525912,366.04,51.20,92),(1470,229006000,'9HA2983',9525900,366.04,48.33,135),(1474,229007000,'9HA2984',9525936,366.02,51.20,142),(1520,229010000,'9HA2986',9621895,189.96,28.50,69),(1524,229011000,'9HA2987',9621871,189.99,28.50,97),(1527,229012000,'9HA2988',9621883,189.96,28.50,103),(1528,229013000,'9HA2990',9498274,186.00,23.97,76),(1535,229015000,'9HA2992',9525584,109.00,16.80,52),(1542,636018669,'D5QV2',9583225,228.99,32.26,90),(1547,229020000,'9HA2996',9409754,128.20,16.74,31),(1549,229021000,'9HA2997',9433183,132.44,31.40,66),(1592,229033000,'9HA3009',9486477,181.10,30.04,96),(1594,636018183,'D5OO2',9227003,288.97,44.98,60),(1595,229036000,'9HA3011',9529475,274.37,48.00,170),(1597,229037000,'9HA3012',9527855,248.97,43.80,129),(1601,229038000,'9HA3013',9537927,248.97,43.80,82),(1605,229041000,'9HA3017',9626390,183.00,27.80,69),(1607,229042000,'9HA3019',9530644,229.00,36.84,75),(1614,229044000,'9HA3020',9583782,131.73,39.00,65),(1617,229046000,'9HA3023',9601194,249.98,44.00,87),(1621,229047000,'9HA3024',9528184,180.00,30.05,98),(1622,229048000,'9HA3025',9391804,126.83,14.80,25),(1638,209874000,'5BKX5',9054731,78.00,12.50,56),(1640,319142100,'ZGHV',1011264,46.70,8.55,30),(1643,538006857,'V7GS8',9316048,225.00,32.20,75),(1652,229059000,'9HA3033',9414931,330.00,60.00,215),(1653,538006843,'V7AJ9',9182796,144.05,23.15,80),(1655,229061000,'9HA3034',9358060,117.38,17.97,59),(1679,229070000,'9HA3043',9633458,274.20,50.04,93),(1680,636017300,'D5KG3',9631929,140.00,16.60,47),(1688,229074000,'9HA3047',9506459,319.00,37.40,86),(1703,229079000,'9HA3052',9541306,183.00,32.20,110),(1706,229080000,'9HA3053',9583794,131.73,39.00,62),(1708,229081000,'9HA3054',9558244,189.99,32.26,112),(1714,229084000,'9HA3057',9380063,182.50,32.20,97),(1716,229085000,'9HA3058',9262900,179.99,32.20,82),(1719,229086000,'9HA3059',9651852,78.60,17.60,51),(1726,229089000,'9HA3061',9644251,159.60,24.40,60),(1727,229090000,'9HA3062',9641730,293.20,42.20,82),(1733,229093000,'9HA3063',9412177,243.98,42.00,80),(1746,229095000,'9HA3065',9618745,28.67,10.13,50),(1771,229101000,'9HA3070',9414462,178.70,28.00,88),(1774,229102000,'9HA3071',9608697,179.90,28.40,60),(1780,370194000,'3EJN6',9475301,288.97,45.00,180),(1781,229106000,'9HA3018',9656709,36.00,9.00,28),(1783,277563000,'LYBQ',9125669,99.98,16.50,43),(1784,229108000,'9HA3076',9125657,99.98,16.50,45),(1786,229109000,'9HA3077',9600865,274.50,48.04,90),(1797,538071313,'V7VW3',9267522,69.10,13.80,25),(1809,229116000,'9HA3082',9644330,132.44,31.40,60),(1817,229120000,'9HA3085',9590096,229.50,36.92,74),(1822,374222000,'3FML3',9126467,122.55,19.00,50),(1828,229125000,'9HA3088',9597238,229.02,32.29,145),(1829,229126000,'9HA3089',9597226,229.00,32.29,127),(1832,229128000,'9HA3091',9605839,189.99,32.26,67),(1838,229130000,'9HA3093',9255854,278.85,42.63,96),(1842,229131000,'9HA3094',9594418,189.99,32.26,77),(1853,229136000,'9HA3097',9188647,292.50,38.80,85),(1867,229141000,'9HA3101',9468138,190.00,32.26,128),(1871,229144000,'9HA3103',9123245,89.77,13.17,60),(1874,229146000,'9HA3105',9598787,225.00,32.30,129),(1878,229148000,'9HA3106',9570840,230.00,38.00,142),(1884,538006861,'V7SF6',9493535,224.88,32.26,128),(1886,229152000,'9HA3109',9262924,241.03,42.04,82),(1888,538006862,'V7SF7',9563677,225.00,32.26,130),(1896,273377820,'UDUW',9136058,246.80,42.00,85),(1906,229159000,'9HA3115',9644184,199.99,32.00,106),(1909,229161000,'9HA3117',9429431,229.00,36.84,130),(1916,229166000,'9HA3120',9511349,291.80,45.00,176),(1927,374669000,'3ELA7',9203265,332.00,58.00,205),(1930,229172000,'9HA3125',9314088,246.80,42.00,83),(1937,229176000,'9HA3129',9489584,121.62,16.00,64),(1939,229178000,'9HA3131',9597020,229.00,32.25,133),(1958,229191000,'9HA3137',9353735,154.85,21.74,71),(1960,219355000,'OYPD2',9318230,92.86,14.10,63),(1962,259161000,'LAZO7',9625504,92.20,20.64,60),(1967,271044017,'TCA3359',9034743,113.63,17.70,59),(1968,229196000,'9HA3141',9595967,189.99,28.31,65),(1978,229203000,'9HA3147',9649081,187.00,27.80,62),(1982,355009000,'3FMJ3',9261047,176.82,29.40,96),(1985,229208000,'9HA3151',9397468,183.00,32.23,85),(1991,229212000,'9HA3152',9455686,292.00,45.00,90),(1992,229213000,'9HA3153',9625475,180.00,30.00,65),(2000,229214000,'9HA3154',9625463,180.00,30.00,90),(2002,229215000,'9HA3155',9625451,180.00,30.00,88),(2006,229218000,'9HA3156',9657789,199.99,32.26,118),(2007,229219000,'9HA3157',9644201,199.99,32.00,133),(2010,229221000,'9HA3159',9644196,199.99,32.00,128),(2042,229236000,'9HA3162',9315537,185.07,23.74,61),(2044,538007887,'V7RY3',9452854,190.01,32.32,68),(2049,636019928,'D5VU7',9217553,183.95,25.30,70),(2050,538005971,'V7IO7',9246308,171.59,27.00,102),(2053,229241000,'9HA3167',9195949,94.96,13.17,59),(2073,229245000,'9HA3170',9188958,95.16,13.17,38),(2080,229247000,'9HA3172',9208356,188.56,26.50,82),(2086,636092878,'D5RZ3',9623673,256.07,37.40,103),(2089,229251000,'9HA3175',9144043,183.00,30.95,63),(2093,258955000,'LAYS7',9665073,143.75,27.04,70),(2099,538008353,'V7A2270',9587166,179.90,28.43,83),(2107,229263000,'9HA3184',9301469,210.06,30.23,104),(2108,229264000,'9HA3182',9644500,254.99,43.00,126),(2121,229266000,'9HA3185',9608702,179.90,28.40,84),(2134,229269000,'9HA3188',9587245,299.92,50.00,95),(2142,538008244,'V7A2133',9288851,249.87,43.80,75),(2146,538005909,'V7IA9',9418444,228.99,32.30,93),(2156,636018167,'D5OL9',9492751,125.00,21.00,61),(2161,229281000,'9HA3199',9595981,189.90,28.36,64),(2164,377523000,'XCBS2',9123518,110.44,15.90,41),(2167,229283000,'9HA3201',9609122,229.00,32.26,83),(2169,229284000,'9HA3202',9633408,229.00,32.26,75),(2173,229286000,'9HA3204',9464651,255.26,43.00,146),(2176,229288000,'9HA3206',8911736,139.50,19.00,57),(2177,229289000,'9HA3207',9629548,183.00,32.20,119),(2189,229294000,'9HA3212',9597367,23.14,12.00,58),(2194,229295000,'9HA3213',9597355,23.14,12.63,58),(2197,255805836,'CQBH',9360972,125.85,21.80,72),(2205,229305000,'9HA3216',9630664,229.00,32.26,137),(2208,229308000,'9HA3218',9609469,210.00,36.50,123),(2210,636016973,'D5IR3',9408774,230.99,32.29,123),(2214,538008779,'V7A2750',9522946,178.83,28.63,103),(2215,538008738,'V7A2707',9522958,179.00,28.63,61),(2218,538008769,'V7A2738',9595254,178.83,28.63,102),(2232,229315000,'9HA3224',9279719,179.88,32.23,112),(2234,229316000,'9HA3225',9258026,182.50,32.20,85),(2236,229317000,'9HA3226',9279733,179.88,32.20,96),(2239,229318000,'9HA3227',9342619,101.08,18.02,60),(2241,229319000,'9HA3228',9629550,183.00,32.20,74),(2249,229322000,'9HA3231',9462859,138.84,16.50,28),(2251,229323000,'9HA3232',9596038,189.99,28.31,65),(2255,229324000,'9HA3233',9596026,189.99,28.31,73),(2258,538008089,'V7ZC6',9609653,179.98,30.05,105),(2259,538008088,'V7YU2',9609665,179.95,30.14,107),(2271,229329000,'9HA3239',9625712,278.30,48.70,95),(2273,229330000,'9HA3240',9625724,278.30,48.70,163),(2277,229332000,'9HA3242',9460837,90.22,16.00,54),(2284,229336000,'9HA3245',9529499,274.39,48.00,90),(2297,271044133,'TCA3489',9236511,207.99,32.31,109),(2300,229342000,'9HA3249',9598799,225.00,32.30,126),(2302,229343000,'9HA3251',9291406,225.00,32.26,66),(2305,229344000,'9HA3252',9195860,95.16,13.17,65),(2310,229347000,'9HA3255',9512331,228.99,32.26,71),(2353,311000889,'C6EG6',9150406,184.10,25.30,101),(2357,229353000,'9HA3260',9344019,179.88,32.20,77),(2367,241343000,'SVCA9',9440526,249.96,44.03,139),(2387,352308000,'3ECO',9442237,78.52,12.40,47),(2388,229361000,'9HA3268',9662409,292.00,45.00,104),(2393,229363000,'9HA3270',9387126,88.80,13.50,43),(2400,229368000,'9HA3275',9131527,185.00,25.20,76),(2401,229369000,'9HA3276',9131515,185.00,25.20,66),(2409,314452000,'8PAO4',9651541,119.80,18.20,80),(2414,351560000,'HP8634',9615860,119.95,16.80,68),(2416,229376000,'9HA3282',9643908,189.99,32.26,65),(2425,229378000,'9HA3283',9616230,225.62,29.99,64),(2432,229380000,'9HA3285',9311177,225.00,32.26,71),(2436,229381000,'9HA3286',9266140,177.00,28.40,67),(2442,229383000,'9HA3288',9589205,64.00,9.69,36),(2444,229384000,'9HA3289',9320398,283.00,40.00,98),(2450,229385000,'9HA3290',9375446,81.30,13.25,34),(2457,229387000,'9HA3291',9587257,299.92,50.00,188),(2459,229388000,'9HA3292',9260005,182.55,27.74,103),(2466,725001523,'CA5511',8917871,122.00,19.04,60),(2468,229392000,'9HA3295',9637478,43.88,7.60,42),(2478,564305000,'9V9267',9525285,249.12,37.40,135),(2488,229398000,'9HA3301',9631034,32.70,12.82,56),(2505,636017116,'D5JJ5',9134490,205.50,27.40,99),(2507,210663000,'5BSN4',9625918,170.00,29.80,84),(2510,229406000,'9HA3307',9290309,243.96,42.00,80),(2512,229407000,'9HA3308',9629574,183.00,32.20,93),(2515,538006335,'V7LY5',9418456,229.00,32.00,78),(2516,229410000,'9HA3310',9662332,186.96,28.60,101),(2521,229412000,'9HA3312',9661857,110.00,19.50,66),(2523,229413000,'9HB3158',8994001,97.20,15.95,48),(2524,319080400,'ZGEU7',1009869,49.00,9.00,28),(2526,229415000,'9HA3314',8819500,268.32,36.00,78),(2529,311000943,'C6EN2',9295103,70.10,11.70,31),(2543,538071319,'V7MG9',9559286,53.40,9.40,32),(2545,636019582,'D5VE2',9619452,299.18,48.19,96),(2550,229425000,'9HA3321',9381990,92.96,24.00,32),(2552,229426000,'9HA3316',9463425,44.17,9.00,30),(2564,229430000,'9HA3323',8661070,45.50,8.00,30),(2599,229441000,'9HA3330',9251846,201.05,29.80,101),(2601,477326800,'VRSM6',9147227,146.45,22.70,73),(2610,229446000,'9HA3334',9363479,179.88,32.23,114),(2612,355352000,'3EVN3',9427536,92.35,15.20,43),(2613,352581000,'3FRG3',9427500,93.15,15.20,50),(2614,229450000,'9HA3338',9427433,111.50,17.60,76),(2617,563091400,'9V6251',9542984,142.49,21.63,73),(2618,229452000,'9HA3340',9620607,227.87,37.36,90),(2627,477510600,'VRPE8',9244946,303.84,40.00,110),(2629,477348500,'VRPE9',9244934,303.82,40.00,129),(2630,477684200,'VROW3',9244922,303.84,40.00,131),(2632,213444000,'4LSI2',9217797,115.33,19.60,86),(2634,229458000,'9HA3347',9628154,299.95,48.32,134),(2638,229459000,'9HA3348',9396529,120.80,17.60,67),(2640,356761000,'3FZC3',9122679,224.97,32.25,72),(2645,229462000,'9HA3351',9323900,190.00,32.26,100),(2654,636018498,'D5PY7',9130327,150.00,23.00,74),(2657,229467000,'9HA3355',9628166,299.95,48.32,122),(2664,229469000,'9HA3356',9261815,208.24,29.80,104),(2669,229470000,'9HA3357',9261827,208.24,30.05,111),(2670,229471000,'9HA3358',9636711,294.20,44.00,96),(2671,312407000,'V3WL4',9186948,95.95,16.00,41),(2673,229474000,'9HA3361',9632820,255.40,37.43,114),(2678,229478000,'9HA3365',9650171,199.90,32.32,74),(2684,229481000,'9HA3367',9231157,210.00,30.10,86),(2692,229486000,'9HA3371',9643910,189.99,32.26,107),(2698,229488000,'9HA3373',9280603,277.28,40.00,111),(2701,229489000,'9HA3374',9280627,277.28,40.00,128),(2704,229490000,'9HA3375',9165310,195.10,25.20,66),(2714,229496000,'9HB3488',8687854,30.00,7.00,30),(2721,229499000,'9HQT7',8808525,176.00,32.00,70),(2733,636019355,'D5UC8',9196840,294.00,40.00,138),(2740,229523000,'9HA3377',9668403,199.98,32.24,73),(2741,229524000,'9HA3378',9311593,289.00,45.00,87),(2742,219212000,'OYHM2',9553646,142.51,21.60,67),(2746,271044633,'TCA4362',9106479,151.47,24.00,87),(2754,229531000,'9HA3383',9617519,292.00,45.00,116),(2756,229532000,'9HA3384',9617521,292.00,45.00,185),(2757,229533000,'9HA3385',9646900,179.99,30.00,106),(2758,229534000,'9HA3386',9646895,179.99,30.00,67),(2764,229536000,'9HA3389',9180841,100.00,14.95,60),(2767,477318300,'VRSQ3',9196864,304.16,40.03,132),(2773,229541000,'9HA3391',9628178,299.95,48.32,130),(2776,229543000,'9HA3392',9654971,123.00,19.00,47),(2781,229545000,'9HA3395',9261516,138.11,23.00,71),(2782,229546000,'9HA3396',9596777,121.55,16.00,50),(2785,371743000,'H9FF',9203904,148.58,23.10,94),(2789,229550000,'9HA3399',9632832,255.40,38.00,97),(2790,229551000,'9HA3400',1000239,48.60,8.43,28),(2793,229553000,'9HA3401',9636785,280.57,43.42,91),(2800,229556000,'9HA3403',9477799,255.29,37.41,94),(2802,229557000,'9HA3404',9477804,255.33,37.41,125),(2807,219221000,'OYHQ2',9543043,142.52,21.60,64),(2809,229561000,'9HA3407',9458066,142.98,21.70,61),(2813,229565000,'9HA3410',9282613,175.60,28.40,98),(2817,477521200,'VRTE3',9237383,169.26,27.20,73),(2818,229567000,'9HA3415',9224738,289.00,45.00,97),(2819,229568000,'9HA3413',9328560,224.95,32.20,89),(2822,636019741,'D5VX9',9302762,224.94,32.26,135),(2824,229570000,'9HA3412',9326536,224.94,32.26,139),(2827,229572000,'9HA3417',9620619,227.90,37.36,118),(2831,229574000,'',9587269,299.92,50.00,118),(2835,311000682,'C6DI3',9120205,117.50,17.50,64),(2837,319142900,'ZGGZ6',8988026,43.60,7.15,26),(2838,477318400,'VRSP9',9196852,304.16,40.03,82),(2841,229580000,'9HA3126',9657064,183.00,32.22,83),(2842,229581000,'9HA3422',9636723,294.20,44.00,93),(2847,229582000,'9HA3423',9636735,294.20,44.00,93),(2848,229583000,'9HA3424',9636747,294.20,44.00,94),(2853,413702260,'BVVT7',9177624,181.00,26.00,102),(2857,371812000,'3EHL5',8807662,148.00,21.00,60),(2859,373106000,'H9XF',9650975,84.00,32.00,110),(2874,229597000,'9HA3434',9679593,333.00,60.04,204),(2884,229600000,'9HA3437',9406960,176.83,27.74,108),(2889,229602000,'9HA3438',9576961,199.00,32.00,131),(2892,229604000,'9HA3440',9303144,225.00,32.26,140),(2896,273452980,'UBUS7',9287699,137.50,21.30,79),(2918,352310000,'3EBW4',9050187,105.14,15.70,64),(2925,229609000,'9HA3445',9286592,228.99,32.26,83),(2927,229610000,'9HA3446',9276341,133.58,19.40,61),(2929,229611000,'9HA3447',9674385,180.01,30.00,79),(2931,229612000,'9HA3448',9674397,180.01,30.00,100),(2933,229613000,'9HA3449',9659787,180.01,30.00,102),(2934,229614000,'9HA3450',9674373,180.01,30.00,83),(2935,229615000,'9HA3451',9674361,180.01,30.00,109),(2936,229616000,'9HA3452',9659799,180.00,30.00,65),(2938,229617000,'9HA3453',1010284,90.01,14.20,18),(2939,229618000,'9HA3454',9294551,240.10,42.03,80),(2942,229619000,'9HA3455',9436941,228.60,42.00,120),(2944,229620000,'9HA3457',9605255,299.87,48.33,135),(2949,229622000,'9HA3459',9484479,365.81,48.46,146),(2950,229623000,'9HA3460',9664952,225.00,32.30,79);
/*!40000 ALTER TABLE `vessels` ENABLE KEYS */;
UNLOCK TABLES;

--
-- Table structure for table `vessels_statuses`
--

DROP TABLE IF EXISTS `vessels_statuses`;
/*!40101 SET @saved_cs_client     = @@character_set_client */;
/*!40101 SET character_set_client = utf8 */;
CREATE TABLE `vessels_statuses` (
  `id_vessel_status` int(11) NOT NULL AUTO_INCREMENT,
  `id_vessel` int(11) NOT NULL,
  `id_status` int(11) NOT NULL,
  PRIMARY KEY (`id_vessel_status`),
  KEY `vessel_key` (`id_vessel`),
  KEY `status_key` (`id_status`),
  CONSTRAINT `vessels_statuses_ibfk_1` FOREIGN KEY (`id_vessel`) REFERENCES `vessels` (`id_vessel`),
  CONSTRAINT `vessels_statuses_ibfk_2` FOREIGN KEY (`id_status`) REFERENCES `statuses` (`id_status`)
) ENGINE=InnoDB AUTO_INCREMENT=346 DEFAULT CHARSET=latin1;
/*!40101 SET character_set_client = @saved_cs_client */;

--
-- Dumping data for table `vessels_statuses`
--

LOCK TABLES `vessels_statuses` WRITE;
/*!40000 ALTER TABLE `vessels_statuses` DISABLE KEYS */;
INSERT INTO `vessels_statuses` VALUES (1,19,5),(2,33,1),(3,50,1),(4,91,1),(5,127,1),(6,149,1),(7,154,1),(8,158,1),(9,164,1),(10,177,1),(11,178,1),(12,198,3),(13,203,1),(14,209,1),(15,226,1),(16,227,1),(17,245,1),(18,246,1),(19,259,6),(20,264,3),(21,267,2),(22,302,1),(23,307,6),(24,319,3),(25,320,1),(26,326,1),(27,341,1),(28,354,3),(29,387,1),(30,389,1),(31,390,3),(32,394,3),(33,401,3),(34,402,1),(35,411,3),(36,413,1),(37,414,1),(38,422,2),(39,438,1),(40,439,7),(41,446,6),(42,455,1),(43,456,2),(44,457,1),(45,461,3),(46,463,2),(47,466,1),(48,472,2),(49,475,1),(50,487,3),(51,501,1),(52,510,3),(53,517,1),(54,544,1),(55,553,1),(56,560,2),(57,580,1),(58,584,5),(59,587,1),(60,605,3),(61,611,1),(62,618,1),(63,659,3),(64,678,4),(65,771,4),(66,1153,1),(67,1187,1),(68,1248,1),(69,1394,1),(70,1448,3),(71,1450,3),(72,1456,2),(73,1459,1),(74,1461,1),(75,1470,1),(76,1474,1),(77,1520,2),(78,1524,1),(79,1527,3),(80,1528,1),(81,1535,3),(82,1542,1),(83,1547,3),(84,1549,3),(85,1592,2),(86,1594,1),(87,1595,1),(88,1597,1),(89,1601,2),(90,1605,2),(91,1607,3),(92,1614,3),(93,1617,2),(94,1621,2),(95,1622,2),(96,1638,2),(97,1640,1),(98,1643,3),(99,1652,1),(100,1653,1),(101,1655,3),(102,1679,1),(103,1680,1),(104,1688,1),(105,1703,1),(106,1706,5),(107,1708,3),(108,1714,1),(109,1716,2),(110,1719,1),(111,1726,3),(112,1727,1),(113,1733,1),(114,1746,1),(115,1771,2),(116,1774,3),(117,1780,1),(118,1781,3),(119,1783,1),(120,1784,3),(121,1786,1),(122,1797,3),(123,1809,3),(124,1817,1),(125,1822,2),(126,1828,1),(127,1829,1),(128,1832,2),(129,1838,1),(130,1842,3),(131,1853,1),(132,1867,1),(133,1871,2),(134,1874,2),(135,1878,1),(136,1884,1),(137,1886,1),(138,1888,1),(139,1896,2),(140,1906,1),(141,1909,1),(142,1916,2),(143,1927,2),(144,1930,1),(145,1937,2),(146,1939,2),(147,1958,1),(148,1960,1),(149,1962,1),(150,1967,1),(151,1968,1),(152,1978,1),(153,1982,1),(154,1985,2),(155,1991,3),(156,1992,1),(157,2000,2),(158,2002,3),(159,2006,3),(160,2007,3),(161,2010,2),(162,2042,2),(163,2044,3),(164,2049,1),(165,2050,1),(166,2053,2),(167,2073,1),(168,2080,1),(169,2086,1),(170,2089,2),(171,2093,1),(172,2099,3),(173,2107,3),(174,2108,1),(175,2121,3),(176,2134,1),(177,2142,1),(178,2146,1),(179,2156,2),(180,2161,3),(181,2164,2),(182,2167,1),(183,2169,1),(184,2173,3),(185,2176,1),(186,2177,1),(187,2189,1),(188,2194,1),(189,2197,1),(190,2205,1),(191,2208,1),(192,2210,2),(193,2214,1),(194,2215,3),(195,2218,3),(196,2232,2),(197,2234,1),(198,2236,1),(199,2239,3),(200,2241,2),(201,2249,3),(202,2251,3),(203,2255,1),(204,2258,1),(205,2259,1),(206,2271,2),(207,2273,1),(208,2277,3),(209,2284,1),(210,2297,2),(211,2300,1),(212,2302,3),(213,2305,1),(214,2310,1),(215,2353,1),(216,2357,3),(217,2367,2),(218,2387,2),(219,2388,3),(220,2393,1),(221,2400,3),(222,2401,3),(223,2409,1),(224,2414,2),(225,2416,3),(226,2425,3),(227,2432,3),(228,2436,1),(229,2442,3),(230,2444,3),(231,2450,1),(232,2457,1),(233,2459,2),(234,2466,1),(235,2468,3),(236,2478,1),(237,2488,3),(238,2505,1),(239,2507,1),(240,2510,1),(241,2512,2),(242,2515,2),(243,2516,3),(244,2521,1),(245,2523,3),(246,2524,3),(247,2526,1),(248,2529,1),(249,2543,3),(250,2545,3),(251,2550,1),(252,2552,1),(253,2564,3),(254,2599,2),(255,2601,1),(256,2610,1),(257,2612,3),(258,2613,2),(259,2614,1),(260,2617,1),(261,2618,2),(262,2627,1),(263,2629,1),(264,2630,1),(265,2632,2),(266,2634,1),(267,2638,2),(268,2640,1),(269,2645,1),(270,2654,3),(271,2657,3),(272,2664,3),(273,2669,2),(274,2670,2),(275,2671,1),(276,2673,1),(277,2678,1),(278,2684,3),(279,2692,1),(280,2698,1),(281,2701,1),(282,2704,3),(283,2714,4),(284,2721,1),(285,2733,3),(286,2740,2),(287,2741,1),(288,2742,2),(289,2746,3),(290,2754,1),(291,2756,1),(292,2757,1),(293,2758,3),(294,2764,2),(295,2767,1),(296,2773,3),(297,2776,2),(298,2781,3),(299,2782,3),(300,2785,1),(301,2789,1),(302,2790,3),(303,2793,2),(304,2800,2),(305,2802,1),(306,2807,2),(307,2809,1),(308,2813,3),(309,2817,2),(310,2818,1),(311,2819,1),(312,2822,1),(313,2824,2),(314,2827,1),(315,2831,1),(316,2835,3),(317,2837,1),(318,2838,1),(319,2841,1),(320,2842,3),(321,2847,3),(322,2848,1),(323,2853,2),(324,2857,2),(325,2859,5),(326,2874,1),(327,2884,1),(328,2889,2),(329,2892,1),(330,2896,1),(331,2918,2),(332,2925,2),(333,2927,3),(334,2929,3),(335,2931,3),(336,2933,1),(337,2934,1),(338,2935,3),(339,2936,3),(340,2938,3),(341,2939,1),(342,2942,2),(343,2944,2),(344,2949,3),(345,2950,3);
/*!40000 ALTER TABLE `vessels_statuses` ENABLE KEYS */;
UNLOCK TABLES;

--
-- Table structure for table `vessels_types`
--

DROP TABLE IF EXISTS `vessels_types`;
/*!40101 SET @saved_cs_client     = @@character_set_client */;
/*!40101 SET character_set_client = utf8 */;
CREATE TABLE `vessels_types` (
  `id_vessel_type` int(11) NOT NULL AUTO_INCREMENT,
  `id_vessel` int(11) NOT NULL,
  `id_type` int(11) NOT NULL,
  PRIMARY KEY (`id_vessel_type`),
  KEY `vessel_key` (`id_vessel`),
  KEY `type_key` (`id_type`),
  CONSTRAINT `vessels_types_ibfk_1` FOREIGN KEY (`id_vessel`) REFERENCES `vessels` (`id_vessel`),
  CONSTRAINT `vessels_types_ibfk_2` FOREIGN KEY (`id_type`) REFERENCES `types` (`id_type`)
) ENGINE=InnoDB AUTO_INCREMENT=346 DEFAULT CHARSET=latin1;
/*!40101 SET character_set_client = @saved_cs_client */;

--
-- Dumping data for table `vessels_types`
--

LOCK TABLES `vessels_types` WRITE;
/*!40000 ALTER TABLE `vessels_types` DISABLE KEYS */;
INSERT INTO `vessels_types` VALUES (1,19,31),(2,33,1),(3,50,2),(4,91,3),(5,127,3),(6,149,4),(7,154,4),(8,158,3),(9,164,3),(10,177,3),(11,178,3),(12,198,8),(13,203,3),(14,209,3),(15,226,3),(16,227,3),(17,245,1),(18,246,5),(19,259,10),(20,264,8),(21,267,29),(22,302,6),(23,307,22),(24,319,21),(25,320,6),(26,326,7),(27,341,8),(28,354,8),(29,387,9),(30,389,10),(31,390,10),(32,394,11),(33,401,11),(34,402,11),(35,411,10),(36,413,11),(37,414,11),(38,422,30),(39,438,4),(40,439,3),(41,446,37),(42,455,10),(43,456,10),(44,457,8),(45,461,8),(46,463,8),(47,466,8),(48,472,8),(49,475,12),(50,487,19),(51,501,6),(52,510,19),(53,517,6),(54,544,6),(55,553,6),(56,560,6),(57,580,6),(58,584,32),(59,587,4),(60,605,6),(61,611,1),(62,618,6),(63,659,6),(64,678,1),(65,771,5),(66,1153,1),(67,1187,1),(68,1248,5),(69,1394,13),(70,1448,2),(71,1450,14),(72,1456,14),(73,1459,8),(74,1461,6),(75,1470,6),(76,1474,6),(77,1520,14),(78,1524,14),(79,1527,14),(80,1528,14),(81,1535,8),(82,1542,14),(83,1547,17),(84,1549,36),(85,1592,14),(86,1594,14),(87,1595,15),(88,1597,15),(89,1601,15),(90,1605,17),(91,1607,14),(92,1614,10),(93,1617,15),(94,1621,14),(95,1622,17),(96,1638,27),(97,1640,16),(98,1643,14),(99,1652,15),(100,1653,8),(101,1655,22),(102,1679,15),(103,1680,17),(104,1688,2),(105,1703,8),(106,1706,33),(107,1708,14),(108,1714,18),(109,1716,18),(110,1719,10),(111,1726,14),(112,1727,2),(113,1733,18),(114,1746,3),(115,1771,14),(116,1774,14),(117,1780,14),(118,1781,16),(119,1783,17),(120,1784,17),(121,1786,15),(122,1797,2),(123,1809,10),(124,1817,14),(125,1822,17),(126,1828,14),(127,1829,14),(128,1832,14),(129,1838,19),(130,1842,14),(131,1853,2),(132,1867,14),(133,1871,17),(134,1874,14),(135,1878,14),(136,1884,14),(137,1886,15),(138,1888,14),(139,1896,15),(140,1906,14),(141,1909,14),(142,1916,14),(143,1927,15),(144,1930,15),(145,1937,8),(146,1939,14),(147,1958,6),(148,1960,20),(149,1962,10),(150,1967,8),(151,1968,14),(152,1978,14),(153,1982,14),(154,1985,8),(155,1991,14),(156,1992,14),(157,2000,14),(158,2002,14),(159,2006,14),(160,2007,14),(161,2010,14),(162,2042,14),(163,2044,14),(164,2049,6),(165,2050,14),(166,2053,17),(167,2073,17),(168,2080,6),(169,2086,6),(170,2089,14),(171,2093,21),(172,2099,14),(173,2107,6),(174,2108,14),(175,2121,14),(176,2134,14),(177,2142,15),(178,2146,14),(179,2156,6),(180,2161,14),(181,2164,28),(182,2167,14),(183,2169,14),(184,2173,14),(185,2176,22),(186,2177,8),(187,2189,3),(188,2194,3),(189,2197,6),(190,2205,14),(191,2208,14),(192,2210,6),(193,2214,14),(194,2215,14),(195,2218,14),(196,2232,15),(197,2234,18),(198,2236,18),(199,2239,18),(200,2241,8),(201,2249,17),(202,2251,14),(203,2255,14),(204,2258,14),(205,2259,14),(206,2271,23),(207,2273,23),(208,2277,18),(209,2284,15),(210,2297,6),(211,2300,14),(212,2302,14),(213,2305,17),(214,2310,14),(215,2353,6),(216,2357,18),(217,2367,15),(218,2387,26),(219,2388,14),(220,2393,17),(221,2400,22),(222,2401,22),(223,2409,17),(224,2414,27),(225,2416,14),(226,2425,2),(227,2432,14),(228,2436,14),(229,2442,2),(230,2444,6),(231,2450,17),(232,2457,14),(233,2459,15),(234,2466,22),(235,2468,10),(236,2478,6),(237,2488,3),(238,2505,6),(239,2507,6),(240,2510,15),(241,2512,8),(242,2515,14),(243,2516,14),(244,2521,8),(245,2523,16),(246,2524,16),(247,2526,2),(248,2529,10),(249,2543,16),(250,2545,6),(251,2550,24),(252,2552,16),(253,2564,16),(254,2599,6),(255,2601,17),(256,2610,15),(257,2612,8),(258,2613,8),(259,2614,25),(260,2617,7),(261,2618,6),(262,2627,6),(263,2629,6),(264,2630,6),(265,2632,14),(266,2634,6),(267,2638,17),(268,2640,14),(269,2645,14),(270,2654,6),(271,2657,6),(272,2664,6),(273,2669,6),(274,2670,19),(275,2671,7),(276,2673,6),(277,2678,14),(278,2684,6),(279,2692,14),(280,2698,6),(281,2701,6),(282,2704,35),(283,2714,5),(284,2721,18),(285,2733,6),(286,2740,14),(287,2741,14),(288,2742,7),(289,2746,6),(290,2754,14),(291,2756,14),(292,2757,14),(293,2758,14),(294,2764,17),(295,2767,6),(296,2773,6),(297,2776,7),(298,2781,8),(299,2782,8),(300,2785,6),(301,2789,6),(302,2790,16),(303,2793,19),(304,2800,6),(305,2802,6),(306,2807,7),(307,2809,8),(308,2813,14),(309,2817,14),(310,2818,14),(311,2819,14),(312,2822,14),(313,2824,14),(314,2827,6),(315,2831,14),(316,2835,26),(317,2837,16),(318,2838,6),(319,2841,8),(320,2842,19),(321,2847,19),(322,2848,19),(323,2853,17),(324,2857,26),(325,2859,34),(326,2874,15),(327,2884,6),(328,2889,14),(329,2892,14),(330,2896,6),(331,2918,7),(332,2925,14),(333,2927,6),(334,2929,14),(335,2931,14),(336,2933,14),(337,2934,14),(338,2935,14),(339,2936,14),(340,2938,16),(341,2939,15),(342,2942,15),(343,2944,6),(344,2949,6),(345,2950,14);
/*!40000 ALTER TABLE `vessels_types` ENABLE KEYS */;
UNLOCK TABLES;
/*!40103 SET TIME_ZONE=@OLD_TIME_ZONE */;

/*!40101 SET SQL_MODE=@OLD_SQL_MODE */;
/*!40014 SET FOREIGN_KEY_CHECKS=@OLD_FOREIGN_KEY_CHECKS */;
/*!40014 SET UNIQUE_CHECKS=@OLD_UNIQUE_CHECKS */;
/*!40101 SET CHARACTER_SET_CLIENT=@OLD_CHARACTER_SET_CLIENT */;
/*!40101 SET CHARACTER_SET_RESULTS=@OLD_CHARACTER_SET_RESULTS */;
/*!40101 SET COLLATION_CONNECTION=@OLD_COLLATION_CONNECTION */;
/*!40111 SET SQL_NOTES=@OLD_SQL_NOTES */;

-- Dump completed on 2020-04-17 18:32:12
